{
  "_metadata": {
    "description": "County-based gas utility lookups for states without GIS APIs",
    "last_updated": "2026-01-18",
    "sources": [
      "State utility commission websites",
      "Utility company service area maps",
      "EIA Form 176 data"
    ]
  },
  "IL": {
    "_notes": "Illinois has 5 major gas utilities with distinct service territories",
    "_default": "Nicor Gas",
    "counties": {
      "Cook": {"utility": "Peoples Gas", "notes": "Chicago city; suburbs are Nicor"},
      "DuPage": {"utility": "Nicor Gas"},
      "Lake": {"utility": "Nicor Gas"},
      "Will": {"utility": "Nicor Gas"},
      "Kane": {"utility": "Nicor Gas"},
      "McHenry": {"utility": "Nicor Gas"},
      "Winnebago": {"utility": "Nicor Gas"},
      "Kendall": {"utility": "Nicor Gas"},
      "Boone": {"utility": "Nicor Gas"},
      "DeKalb": {"utility": "Nicor Gas"},
      "Grundy": {"utility": "Nicor Gas"},
      "Kankakee": {"utility": "Nicor Gas"},
      "LaSalle": {"utility": "Nicor Gas"},
      "Livingston": {"utility": "Nicor Gas"},
      "McLean": {"utility": "Nicor Gas"},
      "Peoria": {"utility": "Ameren Illinois"},
      "Tazewell": {"utility": "Ameren Illinois"},
      "Sangamon": {"utility": "Ameren Illinois"},
      "Macon": {"utility": "Ameren Illinois"},
      "Champaign": {"utility": "Ameren Illinois"},
      "Vermilion": {"utility": "Ameren Illinois"},
      "Madison": {"utility": "Ameren Illinois"},
      "St. Clair": {"utility": "Ameren Illinois"},
      "Rock Island": {"utility": "MidAmerican Energy"},
      "Henry": {"utility": "MidAmerican Energy"},
      "Mercer": {"utility": "MidAmerican Energy"},
      "Whiteside": {"utility": "MidAmerican Energy"}
    },
    "cities": {
      "Chicago": {"utility": "Peoples Gas"},
      "Evanston": {"utility": "North Shore Gas"},
      "Wilmette": {"utility": "North Shore Gas"},
      "Winnetka": {"utility": "North Shore Gas"},
      "Glencoe": {"utility": "North Shore Gas"},
      "Highland Park": {"utility": "North Shore Gas"},
      "Lake Forest": {"utility": "North Shore Gas"}
    }
  },
  "PA": {
    "_notes": "Pennsylvania has 6 major gas utilities",
    "_default": "UGI Utilities",
    "counties": {
      "Philadelphia": {"utility": "Philadelphia Gas Works"},
      "Montgomery": {"utility": "PECO Energy"},
      "Bucks": {"utility": "PECO Energy"},
      "Chester": {"utility": "PECO Energy"},
      "Delaware": {"utility": "PECO Energy"},
      "Allegheny": {"utility": "Peoples Natural Gas"},
      "Westmoreland": {"utility": "Peoples Natural Gas"},
      "Washington": {"utility": "Peoples Natural Gas"},
      "Butler": {"utility": "Peoples Natural Gas"},
      "Beaver": {"utility": "Peoples Natural Gas"},
      "Fayette": {"utility": "Peoples Natural Gas"},
      "Erie": {"utility": "National Fuel Gas"},
      "Crawford": {"utility": "National Fuel Gas"},
      "Warren": {"utility": "National Fuel Gas"},
      "McKean": {"utility": "National Fuel Gas"},
      "Venango": {"utility": "National Fuel Gas"},
      "Lancaster": {"utility": "UGI Utilities"},
      "Berks": {"utility": "UGI Utilities"},
      "Lehigh": {"utility": "UGI Utilities"},
      "Northampton": {"utility": "UGI Utilities"},
      "Luzerne": {"utility": "UGI Utilities"},
      "Lackawanna": {"utility": "UGI Utilities"},
      "Dauphin": {"utility": "UGI Utilities"},
      "York": {"utility": "Columbia Gas of PA"},
      "Cumberland": {"utility": "UGI Utilities"},
      "Centre": {"utility": "Columbia Gas of PA"},
      "Blair": {"utility": "Columbia Gas of PA"},
      "Cambria": {"utility": "Peoples Natural Gas"},
      "Somerset": {"utility": "Columbia Gas of PA"}
    }
  },
  "NY": {
    "_notes": "New York has 7 major gas utilities",
    "_default": "National Grid",
    "counties": {
      "New York": {"utility": "Con Edison", "notes": "Manhattan"},
      "Bronx": {"utility": "Con Edison"},
      "Kings": {"utility": "National Grid", "notes": "Brooklyn"},
      "Queens": {"utility": "National Grid"},
      "Richmond": {"utility": "National Grid", "notes": "Staten Island"},
      "Westchester": {"utility": "Con Edison"},
      "Nassau": {"utility": "National Grid"},
      "Suffolk": {"utility": "National Grid"},
      "Rockland": {"utility": "Orange and Rockland"},
      "Orange": {"utility": "Orange and Rockland"},
      "Putnam": {"utility": "Central Hudson"},
      "Dutchess": {"utility": "Central Hudson"},
      "Ulster": {"utility": "Central Hudson"},
      "Columbia": {"utility": "Central Hudson"},
      "Greene": {"utility": "Central Hudson"},
      "Albany": {"utility": "National Grid"},
      "Schenectady": {"utility": "National Grid"},
      "Rensselaer": {"utility": "National Grid"},
      "Saratoga": {"utility": "National Grid"},
      "Erie": {"utility": "National Fuel Gas"},
      "Niagara": {"utility": "National Fuel Gas"},
      "Chautauqua": {"utility": "National Fuel Gas"},
      "Cattaraugus": {"utility": "National Fuel Gas"},
      "Allegany": {"utility": "National Fuel Gas"},
      "Monroe": {"utility": "RG&E"},
      "Ontario": {"utility": "RG&E"},
      "Wayne": {"utility": "RG&E"},
      "Livingston": {"utility": "RG&E"},
      "Onondaga": {"utility": "National Grid"},
      "Oneida": {"utility": "National Grid"},
      "Broome": {"utility": "NYSEG"},
      "Tompkins": {"utility": "NYSEG"},
      "Chemung": {"utility": "NYSEG"},
      "Steuben": {"utility": "NYSEG"}
    }
  },
  "TX": {
    "_notes": "Texas has 3 major gas utilities covering most of the state",
    "_default": "Atmos Energy",
    "counties": {
      "Harris": {"utility": "CenterPoint Energy", "notes": "Houston"},
      "Fort Bend": {"utility": "CenterPoint Energy"},
      "Montgomery": {"utility": "CenterPoint Energy"},
      "Brazoria": {"utility": "CenterPoint Energy"},
      "Galveston": {"utility": "CenterPoint Energy"},
      "Chambers": {"utility": "CenterPoint Energy"},
      "Liberty": {"utility": "CenterPoint Energy"},
      "Waller": {"utility": "CenterPoint Energy"},
      "Dallas": {"utility": "Atmos Energy"},
      "Tarrant": {"utility": "Atmos Energy"},
      "Collin": {"utility": "Atmos Energy"},
      "Denton": {"utility": "Atmos Energy"},
      "Rockwall": {"utility": "Atmos Energy"},
      "Kaufman": {"utility": "Atmos Energy"},
      "Ellis": {"utility": "Atmos Energy"},
      "Johnson": {"utility": "Atmos Energy"},
      "Parker": {"utility": "Atmos Energy"},
      "Wise": {"utility": "Atmos Energy"},
      "Hood": {"utility": "Atmos Energy"},
      "Travis": {"utility": "Texas Gas Service", "notes": "Austin"},
      "Williamson": {"utility": "Texas Gas Service"},
      "Hays": {"utility": "Texas Gas Service"},
      "Bastrop": {"utility": "Texas Gas Service"},
      "El Paso": {"utility": "Texas Gas Service"},
      "Bexar": {"utility": "CenterPoint Energy", "notes": "San Antonio"},
      "Comal": {"utility": "CenterPoint Energy"},
      "Guadalupe": {"utility": "CenterPoint Energy"},
      "Nueces": {"utility": "Texas Gas Service", "notes": "Corpus Christi"},
      "Lubbock": {"utility": "Atmos Energy"},
      "Potter": {"utility": "Atmos Energy", "notes": "Amarillo"},
      "Randall": {"utility": "Atmos Energy"},
      "Midland": {"utility": "Atmos Energy"},
      "Ector": {"utility": "Atmos Energy", "notes": "Odessa"},
      "Tom Green": {"utility": "Atmos Energy", "notes": "San Angelo"},
      "Taylor": {"utility": "Atmos Energy", "notes": "Abilene"},
      "McLennan": {"utility": "Atmos Energy", "notes": "Waco"},
      "Bell": {"utility": "Atmos Energy"},
      "Smith": {"utility": "Atmos Energy", "notes": "Tyler"},
      "Gregg": {"utility": "Atmos Energy", "notes": "Longview"},
      "Jefferson": {"utility": "CenterPoint Energy", "notes": "Beaumont"}
    }
  }
}
