{
  "85022": {
    "name": "EPCOR Water Arizona",
    "state": "AZ",
    "type": "Water Utility",
    "district_id": "AZ-DWID-001"
  },
  "85023": {
    "name": "EPCOR Water Arizona",
    "state": "AZ",
    "type": "Water Utility",
    "district_id": "AZ-DWID-001"
  },
  "85024": {
    "name": "EPCOR Water Arizona",
    "state": "AZ",
    "type": "Water Utility",
    "district_id": "AZ-DWID-001"
  },
  "85027": {
    "name": "EPCOR Water Arizona",
    "state": "AZ",
    "type": "Water Utility",
    "district_id": "AZ-DWID-001"
  },
  "85029": {
    "name": "EPCOR Water Arizona",
    "state": "AZ",
    "type": "Water Utility",
    "district_id": "AZ-DWID-001"
  },
  "85050": {
    "name": "EPCOR Water Arizona",
    "state": "AZ",
    "type": "Water Utility",
    "district_id": "AZ-DWID-001"
  },
  "85051": {
    "name": "EPCOR Water Arizona",
    "state": "AZ",
    "type": "Water Utility",
    "district_id": "AZ-DWID-001"
  },
  "85053": {
    "name": "EPCOR Water Arizona",
    "state": "AZ",
    "type": "Water Utility",
    "district_id": "AZ-DWID-001"
  },
  "85054": {
    "name": "EPCOR Water Arizona",
    "state": "AZ",
    "type": "Water Utility",
    "district_id": "AZ-DWID-001"
  },
  "85083": {
    "name": "EPCOR Water Arizona",
    "state": "AZ",
    "type": "Water Utility",
    "district_id": "AZ-DWID-001"
  },
  "85085": {
    "name": "EPCOR Water Arizona",
    "state": "AZ",
    "type": "Water Utility",
    "district_id": "AZ-DWID-001"
  },
  "85086": {
    "name": "EPCOR Water Arizona",
    "state": "AZ",
    "type": "Water Utility",
    "district_id": "AZ-DWID-001"
  },
  "85087": {
    "name": "EPCOR Water Arizona",
    "state": "AZ",
    "type": "Water Utility",
    "district_id": "AZ-DWID-001"
  },
  "85118": {
    "name": "EPCOR Water Arizona",
    "state": "AZ",
    "type": "Water Utility",
    "district_id": "AZ-DWID-001"
  },
  "85119": {
    "name": "EPCOR Water Arizona",
    "state": "AZ",
    "type": "Water Utility",
    "district_id": "AZ-DWID-001"
  },
  "85120": {
    "name": "EPCOR Water Arizona",
    "state": "AZ",
    "type": "Water Utility",
    "district_id": "AZ-DWID-001"
  },
  "85121": {
    "name": "EPCOR Water Arizona",
    "state": "AZ",
    "type": "Water Utility",
    "district_id": "AZ-DWID-001"
  },
  "85122": {
    "name": "EPCOR Water Arizona",
    "state": "AZ",
    "type": "Water Utility",
    "district_id": "AZ-DWID-001"
  },
  "85128": {
    "name": "EPCOR Water Arizona",
    "state": "AZ",
    "type": "Water Utility",
    "district_id": "AZ-DWID-001"
  },
  "85131": {
    "name": "EPCOR Water Arizona",
    "state": "AZ",
    "type": "Water Utility",
    "district_id": "AZ-DWID-001"
  },
  "85132": {
    "name": "EPCOR Water Arizona",
    "state": "AZ",
    "type": "Water Utility",
    "district_id": "AZ-DWID-001"
  },
  "85137": {
    "name": "EPCOR Water Arizona",
    "state": "AZ",
    "type": "Water Utility",
    "district_id": "AZ-DWID-001"
  },
  "85138": {
    "name": "EPCOR Water Arizona",
    "state": "AZ",
    "type": "Water Utility",
    "district_id": "AZ-DWID-001"
  },
  "85139": {
    "name": "EPCOR Water Arizona",
    "state": "AZ",
    "type": "Water Utility",
    "district_id": "AZ-DWID-001"
  },
  "85140": {
    "name": "EPCOR Water Arizona",
    "state": "AZ",
    "type": "Water Utility",
    "district_id": "AZ-DWID-001"
  },
  "85141": {
    "name": "EPCOR Water Arizona",
    "state": "AZ",
    "type": "Water Utility",
    "district_id": "AZ-DWID-001"
  },
  "85142": {
    "name": "EPCOR Water Arizona",
    "state": "AZ",
    "type": "Water Utility",
    "district_id": "AZ-DWID-001"
  },
  "85143": {
    "name": "EPCOR Water Arizona",
    "state": "AZ",
    "type": "Water Utility",
    "district_id": "AZ-DWID-001"
  },
  "85145": {
    "name": "EPCOR Water Arizona",
    "state": "AZ",
    "type": "Water Utility",
    "district_id": "AZ-DWID-001"
  },
  "85147": {
    "name": "EPCOR Water Arizona",
    "state": "AZ",
    "type": "Water Utility",
    "district_id": "AZ-DWID-001"
  },
  "85172": {
    "name": "EPCOR Water Arizona",
    "state": "AZ",
    "type": "Water Utility",
    "district_id": "AZ-DWID-001"
  },
  "85173": {
    "name": "EPCOR Water Arizona",
    "state": "AZ",
    "type": "Water Utility",
    "district_id": "AZ-DWID-001"
  },
  "85178": {
    "name": "EPCOR Water Arizona",
    "state": "AZ",
    "type": "Water Utility",
    "district_id": "AZ-DWID-001"
  },
  "85193": {
    "name": "EPCOR Water Arizona",
    "state": "AZ",
    "type": "Water Utility",
    "district_id": "AZ-DWID-001"
  },
  "85194": {
    "name": "EPCOR Water Arizona",
    "state": "AZ",
    "type": "Water Utility",
    "district_id": "AZ-DWID-001"
  },
  "85003": {
    "name": "Arizona Water Company",
    "state": "AZ",
    "type": "Water Utility",
    "district_id": "AZ-DWID-002"
  },
  "85004": {
    "name": "Arizona Water Company",
    "state": "AZ",
    "type": "Water Utility",
    "district_id": "AZ-DWID-002"
  },
  "85006": {
    "name": "Arizona Water Company",
    "state": "AZ",
    "type": "Water Utility",
    "district_id": "AZ-DWID-002"
  },
  "85007": {
    "name": "Arizona Water Company",
    "state": "AZ",
    "type": "Water Utility",
    "district_id": "AZ-DWID-002"
  },
  "85008": {
    "name": "Arizona Water Company",
    "state": "AZ",
    "type": "Water Utility",
    "district_id": "AZ-DWID-002"
  },
  "85009": {
    "name": "Arizona Water Company",
    "state": "AZ",
    "type": "Water Utility",
    "district_id": "AZ-DWID-002"
  },
  "85012": {
    "name": "Arizona Water Company",
    "state": "AZ",
    "type": "Water Utility",
    "district_id": "AZ-DWID-002"
  },
  "85013": {
    "name": "Arizona Water Company",
    "state": "AZ",
    "type": "Water Utility",
    "district_id": "AZ-DWID-002"
  },
  "85014": {
    "name": "Arizona Water Company",
    "state": "AZ",
    "type": "Water Utility",
    "district_id": "AZ-DWID-002"
  },
  "85015": {
    "name": "Arizona Water Company",
    "state": "AZ",
    "type": "Water Utility",
    "district_id": "AZ-DWID-002"
  },
  "85016": {
    "name": "Arizona Water Company",
    "state": "AZ",
    "type": "Water Utility",
    "district_id": "AZ-DWID-002"
  },
  "85017": {
    "name": "Arizona Water Company",
    "state": "AZ",
    "type": "Water Utility",
    "district_id": "AZ-DWID-002"
  },
  "85018": {
    "name": "Arizona Water Company",
    "state": "AZ",
    "type": "Water Utility",
    "district_id": "AZ-DWID-002"
  },
  "85019": {
    "name": "Arizona Water Company",
    "state": "AZ",
    "type": "Water Utility",
    "district_id": "AZ-DWID-002"
  },
  "85020": {
    "name": "Arizona Water Company",
    "state": "AZ",
    "type": "Water Utility",
    "district_id": "AZ-DWID-002"
  },
  "85021": {
    "name": "Arizona Water Company",
    "state": "AZ",
    "type": "Water Utility",
    "district_id": "AZ-DWID-002"
  },
  "85028": {
    "name": "Arizona Water Company",
    "state": "AZ",
    "type": "Water Utility",
    "district_id": "AZ-DWID-002"
  },
  "85031": {
    "name": "Arizona Water Company",
    "state": "AZ",
    "type": "Water Utility",
    "district_id": "AZ-DWID-002"
  },
  "85032": {
    "name": "Arizona Water Company",
    "state": "AZ",
    "type": "Water Utility",
    "district_id": "AZ-DWID-002"
  },
  "85033": {
    "name": "Arizona Water Company",
    "state": "AZ",
    "type": "Water Utility",
    "district_id": "AZ-DWID-002"
  },
  "85034": {
    "name": "Arizona Water Company",
    "state": "AZ",
    "type": "Water Utility",
    "district_id": "AZ-DWID-002"
  },
  "85035": {
    "name": "Arizona Water Company",
    "state": "AZ",
    "type": "Water Utility",
    "district_id": "AZ-DWID-002"
  },
  "85037": {
    "name": "Arizona Water Company",
    "state": "AZ",
    "type": "Water Utility",
    "district_id": "AZ-DWID-002"
  },
  "85040": {
    "name": "Arizona Water Company",
    "state": "AZ",
    "type": "Water Utility",
    "district_id": "AZ-DWID-002"
  },
  "85041": {
    "name": "Arizona Water Company",
    "state": "AZ",
    "type": "Water Utility",
    "district_id": "AZ-DWID-002"
  },
  "85042": {
    "name": "Arizona Water Company",
    "state": "AZ",
    "type": "Water Utility",
    "district_id": "AZ-DWID-002"
  },
  "85043": {
    "name": "Arizona Water Company",
    "state": "AZ",
    "type": "Water Utility",
    "district_id": "AZ-DWID-002"
  },
  "85044": {
    "name": "Arizona Water Company",
    "state": "AZ",
    "type": "Water Utility",
    "district_id": "AZ-DWID-002"
  },
  "85045": {
    "name": "Arizona Water Company",
    "state": "AZ",
    "type": "Water Utility",
    "district_id": "AZ-DWID-002"
  },
  "85048": {
    "name": "Arizona Water Company",
    "state": "AZ",
    "type": "Water Utility",
    "district_id": "AZ-DWID-002"
  },
  "85201": {
    "name": "Arizona Water Company",
    "state": "AZ",
    "type": "Water Utility",
    "district_id": "AZ-DWID-002"
  },
  "85202": {
    "name": "Arizona Water Company",
    "state": "AZ",
    "type": "Water Utility",
    "district_id": "AZ-DWID-002"
  },
  "85203": {
    "name": "Arizona Water Company",
    "state": "AZ",
    "type": "Water Utility",
    "district_id": "AZ-DWID-002"
  },
  "85204": {
    "name": "Arizona Water Company",
    "state": "AZ",
    "type": "Water Utility",
    "district_id": "AZ-DWID-002"
  },
  "85205": {
    "name": "Arizona Water Company",
    "state": "AZ",
    "type": "Water Utility",
    "district_id": "AZ-DWID-002"
  },
  "85206": {
    "name": "Arizona Water Company",
    "state": "AZ",
    "type": "Water Utility",
    "district_id": "AZ-DWID-002"
  },
  "85207": {
    "name": "Arizona Water Company",
    "state": "AZ",
    "type": "Water Utility",
    "district_id": "AZ-DWID-002"
  },
  "85208": {
    "name": "Arizona Water Company",
    "state": "AZ",
    "type": "Water Utility",
    "district_id": "AZ-DWID-002"
  },
  "85209": {
    "name": "Arizona Water Company",
    "state": "AZ",
    "type": "Water Utility",
    "district_id": "AZ-DWID-002"
  },
  "85210": {
    "name": "Arizona Water Company",
    "state": "AZ",
    "type": "Water Utility",
    "district_id": "AZ-DWID-002"
  },
  "85212": {
    "name": "EPCOR Water Arizona",
    "state": "AZ",
    "type": "Water Utility",
    "district_id": "AZ-DWID-001"
  },
  "85213": {
    "name": "Arizona Water Company",
    "state": "AZ",
    "type": "Water Utility",
    "district_id": "AZ-DWID-002"
  },
  "85215": {
    "name": "Arizona Water Company",
    "state": "AZ",
    "type": "Water Utility",
    "district_id": "AZ-DWID-002"
  },
  "85224": {
    "name": "EPCOR Water Arizona",
    "state": "AZ",
    "type": "Water Utility",
    "district_id": "AZ-DWID-001"
  },
  "85225": {
    "name": "EPCOR Water Arizona",
    "state": "AZ",
    "type": "Water Utility",
    "district_id": "AZ-DWID-001"
  },
  "85226": {
    "name": "EPCOR Water Arizona",
    "state": "AZ",
    "type": "Water Utility",
    "district_id": "AZ-DWID-001"
  },
  "85233": {
    "name": "EPCOR Water Arizona",
    "state": "AZ",
    "type": "Water Utility",
    "district_id": "AZ-DWID-001"
  },
  "85234": {
    "name": "EPCOR Water Arizona",
    "state": "AZ",
    "type": "Water Utility",
    "district_id": "AZ-DWID-001"
  },
  "85242": {
    "name": "Queen Creek Water",
    "state": "AZ",
    "type": "Municipal Water",
    "district_id": "AZ-DWID-003"
  },
  "85248": {
    "name": "EPCOR Water Arizona",
    "state": "AZ",
    "type": "Water Utility",
    "district_id": "AZ-DWID-001"
  },
  "85249": {
    "name": "EPCOR Water Arizona",
    "state": "AZ",
    "type": "Water Utility",
    "district_id": "AZ-DWID-001"
  },
  "85250": {
    "name": "Scottsdale Water",
    "state": "AZ",
    "type": "Municipal Water",
    "district_id": "AZ-DWID-006"
  },
  "85251": {
    "name": "Scottsdale Water",
    "state": "AZ",
    "type": "Municipal Water",
    "district_id": "AZ-DWID-006"
  },
  "85252": {
    "name": "Scottsdale Water",
    "state": "AZ",
    "type": "Municipal Water",
    "district_id": "AZ-DWID-006"
  },
  "85253": {
    "name": "Scottsdale Water",
    "state": "AZ",
    "type": "Municipal Water",
    "district_id": "AZ-DWID-006"
  },
  "85254": {
    "name": "Scottsdale Water",
    "state": "AZ",
    "type": "Municipal Water",
    "district_id": "AZ-DWID-006"
  },
  "85255": {
    "name": "Scottsdale Water",
    "state": "AZ",
    "type": "Municipal Water",
    "district_id": "AZ-DWID-006"
  },
  "85256": {
    "name": "Scottsdale Water",
    "state": "AZ",
    "type": "Municipal Water",
    "district_id": "AZ-DWID-006"
  },
  "85257": {
    "name": "Scottsdale Water",
    "state": "AZ",
    "type": "Municipal Water",
    "district_id": "AZ-DWID-006"
  },
  "85258": {
    "name": "Scottsdale Water",
    "state": "AZ",
    "type": "Municipal Water",
    "district_id": "AZ-DWID-006"
  },
  "85259": {
    "name": "Scottsdale Water",
    "state": "AZ",
    "type": "Municipal Water",
    "district_id": "AZ-DWID-006"
  },
  "85260": {
    "name": "Scottsdale Water",
    "state": "AZ",
    "type": "Municipal Water",
    "district_id": "AZ-DWID-006"
  },
  "85261": {
    "name": "Scottsdale Water",
    "state": "AZ",
    "type": "Municipal Water",
    "district_id": "AZ-DWID-006"
  },
  "85262": {
    "name": "Scottsdale Water",
    "state": "AZ",
    "type": "Municipal Water",
    "district_id": "AZ-DWID-006"
  },
  "85266": {
    "name": "Scottsdale Water",
    "state": "AZ",
    "type": "Municipal Water",
    "district_id": "AZ-DWID-006"
  },
  "85267": {
    "name": "Scottsdale Water",
    "state": "AZ",
    "type": "Municipal Water",
    "district_id": "AZ-DWID-006"
  },
  "85268": {
    "name": "Scottsdale Water",
    "state": "AZ",
    "type": "Municipal Water",
    "district_id": "AZ-DWID-006"
  },
  "85271": {
    "name": "Scottsdale Water",
    "state": "AZ",
    "type": "Municipal Water",
    "district_id": "AZ-DWID-006"
  },
  "85281": {
    "name": "Arizona Water Company",
    "state": "AZ",
    "type": "Water Utility",
    "district_id": "AZ-DWID-002"
  },
  "85282": {
    "name": "Arizona Water Company",
    "state": "AZ",
    "type": "Water Utility",
    "district_id": "AZ-DWID-002"
  },
  "85283": {
    "name": "Arizona Water Company",
    "state": "AZ",
    "type": "Water Utility",
    "district_id": "AZ-DWID-002"
  },
  "85284": {
    "name": "Arizona Water Company",
    "state": "AZ",
    "type": "Water Utility",
    "district_id": "AZ-DWID-002"
  },
  "85285": {
    "name": "Tempe Water",
    "state": "AZ",
    "type": "Municipal Water",
    "district_id": "AZ-DWID-007"
  },
  "85286": {
    "name": "EPCOR Water Arizona",
    "state": "AZ",
    "type": "Water Utility",
    "district_id": "AZ-DWID-001"
  },
  "85287": {
    "name": "Tempe Water",
    "state": "AZ",
    "type": "Municipal Water",
    "district_id": "AZ-DWID-007"
  },
  "85295": {
    "name": "EPCOR Water Arizona",
    "state": "AZ",
    "type": "Water Utility",
    "district_id": "AZ-DWID-001"
  },
  "85296": {
    "name": "EPCOR Water Arizona",
    "state": "AZ",
    "type": "Water Utility",
    "district_id": "AZ-DWID-001"
  },
  "85297": {
    "name": "EPCOR Water Arizona",
    "state": "AZ",
    "type": "Water Utility",
    "district_id": "AZ-DWID-001"
  },
  "85298": {
    "name": "EPCOR Water Arizona",
    "state": "AZ",
    "type": "Water Utility",
    "district_id": "AZ-DWID-001"
  },
  "85301": {
    "name": "Glendale Water",
    "state": "AZ",
    "type": "Municipal Water",
    "district_id": "AZ-DWID-008"
  },
  "85302": {
    "name": "Glendale Water",
    "state": "AZ",
    "type": "Municipal Water",
    "district_id": "AZ-DWID-008"
  },
  "85303": {
    "name": "Glendale Water",
    "state": "AZ",
    "type": "Municipal Water",
    "district_id": "AZ-DWID-008"
  },
  "85304": {
    "name": "Glendale Water",
    "state": "AZ",
    "type": "Municipal Water",
    "district_id": "AZ-DWID-008"
  },
  "85305": {
    "name": "Glendale Water",
    "state": "AZ",
    "type": "Municipal Water",
    "district_id": "AZ-DWID-008"
  },
  "85306": {
    "name": "Glendale Water",
    "state": "AZ",
    "type": "Municipal Water",
    "district_id": "AZ-DWID-008"
  },
  "85307": {
    "name": "Glendale Water",
    "state": "AZ",
    "type": "Municipal Water",
    "district_id": "AZ-DWID-008"
  },
  "85308": {
    "name": "Glendale Water",
    "state": "AZ",
    "type": "Municipal Water",
    "district_id": "AZ-DWID-008"
  },
  "85310": {
    "name": "Glendale Water",
    "state": "AZ",
    "type": "Municipal Water",
    "district_id": "AZ-DWID-008"
  },
  "85311": {
    "name": "Glendale Water",
    "state": "AZ",
    "type": "Municipal Water",
    "district_id": "AZ-DWID-008"
  },
  "85312": {
    "name": "Glendale Water",
    "state": "AZ",
    "type": "Municipal Water",
    "district_id": "AZ-DWID-008"
  },
  "85318": {
    "name": "Glendale Water",
    "state": "AZ",
    "type": "Municipal Water",
    "district_id": "AZ-DWID-008"
  },
  "85326": {
    "name": "Buckeye Water",
    "state": "AZ",
    "type": "Municipal Water",
    "district_id": "AZ-DWID-015"
  },
  "85338": {
    "name": "Buckeye Water",
    "state": "AZ",
    "type": "Municipal Water",
    "district_id": "AZ-DWID-015"
  },
  "85345": {
    "name": "Peoria Water",
    "state": "AZ",
    "type": "Municipal Water",
    "district_id": "AZ-DWID-009"
  },
  "85374": {
    "name": "Surprise Water",
    "state": "AZ",
    "type": "Municipal Water",
    "district_id": "AZ-DWID-010"
  },
  "85378": {
    "name": "Surprise Water",
    "state": "AZ",
    "type": "Municipal Water",
    "district_id": "AZ-DWID-010"
  },
  "85379": {
    "name": "Surprise Water",
    "state": "AZ",
    "type": "Municipal Water",
    "district_id": "AZ-DWID-010"
  },
  "85380": {
    "name": "Peoria Water",
    "state": "AZ",
    "type": "Municipal Water",
    "district_id": "AZ-DWID-009"
  },
  "85381": {
    "name": "Peoria Water",
    "state": "AZ",
    "type": "Municipal Water",
    "district_id": "AZ-DWID-009"
  },
  "85382": {
    "name": "Peoria Water",
    "state": "AZ",
    "type": "Municipal Water",
    "district_id": "AZ-DWID-009"
  },
  "85383": {
    "name": "Peoria Water",
    "state": "AZ",
    "type": "Municipal Water",
    "district_id": "AZ-DWID-009"
  },
  "85387": {
    "name": "Surprise Water",
    "state": "AZ",
    "type": "Municipal Water",
    "district_id": "AZ-DWID-010"
  },
  "85388": {
    "name": "Surprise Water",
    "state": "AZ",
    "type": "Municipal Water",
    "district_id": "AZ-DWID-010"
  },
  "85396": {
    "name": "Buckeye Water",
    "state": "AZ",
    "type": "Municipal Water",
    "district_id": "AZ-DWID-015"
  },
  "85614": {
    "name": "Sahuarita Water",
    "state": "AZ",
    "type": "Municipal Water",
    "district_id": "AZ-DWID-014"
  },
  "85629": {
    "name": "Sahuarita Water",
    "state": "AZ",
    "type": "Municipal Water",
    "district_id": "AZ-DWID-014"
  },
  "85653": {
    "name": "Marana Water",
    "state": "AZ",
    "type": "Municipal Water",
    "district_id": "AZ-DWID-013"
  },
  "85658": {
    "name": "Marana Water",
    "state": "AZ",
    "type": "Municipal Water",
    "district_id": "AZ-DWID-013"
  },
  "85704": {
    "name": "Oro Valley Water",
    "state": "AZ",
    "type": "Municipal Water",
    "district_id": "AZ-DWID-012"
  },
  "85736": {
    "name": "Sahuarita Water",
    "state": "AZ",
    "type": "Municipal Water",
    "district_id": "AZ-DWID-014"
  },
  "85737": {
    "name": "Oro Valley Water",
    "state": "AZ",
    "type": "Municipal Water",
    "district_id": "AZ-DWID-012"
  },
  "85739": {
    "name": "Oro Valley Water",
    "state": "AZ",
    "type": "Municipal Water",
    "district_id": "AZ-DWID-012"
  },
  "85741": {
    "name": "Marana Water",
    "state": "AZ",
    "type": "Municipal Water",
    "district_id": "AZ-DWID-013"
  },
  "85742": {
    "name": "Marana Water",
    "state": "AZ",
    "type": "Municipal Water",
    "district_id": "AZ-DWID-013"
  },
  "85743": {
    "name": "Marana Water",
    "state": "AZ",
    "type": "Municipal Water",
    "district_id": "AZ-DWID-013"
  },
  "85746": {
    "name": "Sahuarita Water",
    "state": "AZ",
    "type": "Municipal Water",
    "district_id": "AZ-DWID-014"
  },
  "85755": {
    "name": "Oro Valley Water",
    "state": "AZ",
    "type": "Municipal Water",
    "district_id": "AZ-DWID-012"
  },
  "85756": {
    "name": "Sahuarita Water",
    "state": "AZ",
    "type": "Municipal Water",
    "district_id": "AZ-DWID-014"
  },
  "85757": {
    "name": "Sahuarita Water",
    "state": "AZ",
    "type": "Municipal Water",
    "district_id": "AZ-DWID-014"
  },
  "92220": {
    "name": "Eastern Municipal Water District",
    "state": "CA",
    "type": "Municipal Water District",
    "district_id": "CA-CSD-001"
  },
  "92223": {
    "name": "Eastern Municipal Water District",
    "state": "CA",
    "type": "Municipal Water District",
    "district_id": "CA-CSD-001"
  },
  "92230": {
    "name": "Eastern Municipal Water District",
    "state": "CA",
    "type": "Municipal Water District",
    "district_id": "CA-CSD-001"
  },
  "92234": {
    "name": "Eastern Municipal Water District",
    "state": "CA",
    "type": "Municipal Water District",
    "district_id": "CA-CSD-001"
  },
  "92236": {
    "name": "Eastern Municipal Water District",
    "state": "CA",
    "type": "Municipal Water District",
    "district_id": "CA-CSD-001"
  },
  "92240": {
    "name": "Eastern Municipal Water District",
    "state": "CA",
    "type": "Municipal Water District",
    "district_id": "CA-CSD-001"
  },
  "92241": {
    "name": "Eastern Municipal Water District",
    "state": "CA",
    "type": "Municipal Water District",
    "district_id": "CA-CSD-001"
  },
  "92253": {
    "name": "Eastern Municipal Water District",
    "state": "CA",
    "type": "Municipal Water District",
    "district_id": "CA-CSD-001"
  },
  "92254": {
    "name": "Eastern Municipal Water District",
    "state": "CA",
    "type": "Municipal Water District",
    "district_id": "CA-CSD-001"
  },
  "92260": {
    "name": "Eastern Municipal Water District",
    "state": "CA",
    "type": "Municipal Water District",
    "district_id": "CA-CSD-001"
  },
  "92262": {
    "name": "Eastern Municipal Water District",
    "state": "CA",
    "type": "Municipal Water District",
    "district_id": "CA-CSD-001"
  },
  "92264": {
    "name": "Eastern Municipal Water District",
    "state": "CA",
    "type": "Municipal Water District",
    "district_id": "CA-CSD-001"
  },
  "92270": {
    "name": "Eastern Municipal Water District",
    "state": "CA",
    "type": "Municipal Water District",
    "district_id": "CA-CSD-001"
  },
  "92276": {
    "name": "Eastern Municipal Water District",
    "state": "CA",
    "type": "Municipal Water District",
    "district_id": "CA-CSD-001"
  },
  "92501": {
    "name": "Eastern Municipal Water District",
    "state": "CA",
    "type": "Municipal Water District",
    "district_id": "CA-CSD-001"
  },
  "92503": {
    "name": "Eastern Municipal Water District",
    "state": "CA",
    "type": "Municipal Water District",
    "district_id": "CA-CSD-001"
  },
  "92504": {
    "name": "Eastern Municipal Water District",
    "state": "CA",
    "type": "Municipal Water District",
    "district_id": "CA-CSD-001"
  },
  "92505": {
    "name": "Eastern Municipal Water District",
    "state": "CA",
    "type": "Municipal Water District",
    "district_id": "CA-CSD-001"
  },
  "92506": {
    "name": "Eastern Municipal Water District",
    "state": "CA",
    "type": "Municipal Water District",
    "district_id": "CA-CSD-001"
  },
  "92507": {
    "name": "Eastern Municipal Water District",
    "state": "CA",
    "type": "Municipal Water District",
    "district_id": "CA-CSD-001"
  },
  "92508": {
    "name": "Eastern Municipal Water District",
    "state": "CA",
    "type": "Municipal Water District",
    "district_id": "CA-CSD-001"
  },
  "92530": {
    "name": "Eastern Municipal Water District",
    "state": "CA",
    "type": "Municipal Water District",
    "district_id": "CA-CSD-001"
  },
  "92532": {
    "name": "Eastern Municipal Water District",
    "state": "CA",
    "type": "Municipal Water District",
    "district_id": "CA-CSD-001"
  },
  "92543": {
    "name": "Eastern Municipal Water District",
    "state": "CA",
    "type": "Municipal Water District",
    "district_id": "CA-CSD-001"
  },
  "92544": {
    "name": "Eastern Municipal Water District",
    "state": "CA",
    "type": "Municipal Water District",
    "district_id": "CA-CSD-001"
  },
  "92545": {
    "name": "Eastern Municipal Water District",
    "state": "CA",
    "type": "Municipal Water District",
    "district_id": "CA-CSD-001"
  },
  "92551": {
    "name": "Eastern Municipal Water District",
    "state": "CA",
    "type": "Municipal Water District",
    "district_id": "CA-CSD-001"
  },
  "92553": {
    "name": "Eastern Municipal Water District",
    "state": "CA",
    "type": "Municipal Water District",
    "district_id": "CA-CSD-001"
  },
  "92555": {
    "name": "Eastern Municipal Water District",
    "state": "CA",
    "type": "Municipal Water District",
    "district_id": "CA-CSD-001"
  },
  "92557": {
    "name": "Eastern Municipal Water District",
    "state": "CA",
    "type": "Municipal Water District",
    "district_id": "CA-CSD-001"
  },
  "92562": {
    "name": "Eastern Municipal Water District",
    "state": "CA",
    "type": "Municipal Water District",
    "district_id": "CA-CSD-001"
  },
  "92563": {
    "name": "Eastern Municipal Water District",
    "state": "CA",
    "type": "Municipal Water District",
    "district_id": "CA-CSD-001"
  },
  "92570": {
    "name": "Eastern Municipal Water District",
    "state": "CA",
    "type": "Municipal Water District",
    "district_id": "CA-CSD-001"
  },
  "92571": {
    "name": "Eastern Municipal Water District",
    "state": "CA",
    "type": "Municipal Water District",
    "district_id": "CA-CSD-001"
  },
  "92582": {
    "name": "Eastern Municipal Water District",
    "state": "CA",
    "type": "Municipal Water District",
    "district_id": "CA-CSD-001"
  },
  "92583": {
    "name": "Eastern Municipal Water District",
    "state": "CA",
    "type": "Municipal Water District",
    "district_id": "CA-CSD-001"
  },
  "92584": {
    "name": "Eastern Municipal Water District",
    "state": "CA",
    "type": "Municipal Water District",
    "district_id": "CA-CSD-001"
  },
  "92585": {
    "name": "Eastern Municipal Water District",
    "state": "CA",
    "type": "Municipal Water District",
    "district_id": "CA-CSD-001"
  },
  "92586": {
    "name": "Eastern Municipal Water District",
    "state": "CA",
    "type": "Municipal Water District",
    "district_id": "CA-CSD-001"
  },
  "92587": {
    "name": "Eastern Municipal Water District",
    "state": "CA",
    "type": "Municipal Water District",
    "district_id": "CA-CSD-001"
  },
  "92602": {
    "name": "Irvine Ranch Water District",
    "state": "CA",
    "type": "Water District",
    "district_id": "CA-CSD-002"
  },
  "92603": {
    "name": "Irvine Ranch Water District",
    "state": "CA",
    "type": "Water District",
    "district_id": "CA-CSD-002"
  },
  "92604": {
    "name": "Irvine Ranch Water District",
    "state": "CA",
    "type": "Water District",
    "district_id": "CA-CSD-002"
  },
  "92606": {
    "name": "Irvine Ranch Water District",
    "state": "CA",
    "type": "Water District",
    "district_id": "CA-CSD-002"
  },
  "92612": {
    "name": "Irvine Ranch Water District",
    "state": "CA",
    "type": "Water District",
    "district_id": "CA-CSD-002"
  },
  "92614": {
    "name": "Irvine Ranch Water District",
    "state": "CA",
    "type": "Water District",
    "district_id": "CA-CSD-002"
  },
  "92617": {
    "name": "Irvine Ranch Water District",
    "state": "CA",
    "type": "Water District",
    "district_id": "CA-CSD-002"
  },
  "92618": {
    "name": "Irvine Ranch Water District",
    "state": "CA",
    "type": "Water District",
    "district_id": "CA-CSD-002"
  },
  "92620": {
    "name": "Irvine Ranch Water District",
    "state": "CA",
    "type": "Water District",
    "district_id": "CA-CSD-002"
  },
  "92697": {
    "name": "Irvine Ranch Water District",
    "state": "CA",
    "type": "Water District",
    "district_id": "CA-CSD-002"
  },
  "92624": {
    "name": "Moulton Niguel Water District",
    "state": "CA",
    "type": "Water District",
    "district_id": "CA-CSD-003"
  },
  "92629": {
    "name": "Moulton Niguel Water District",
    "state": "CA",
    "type": "Water District",
    "district_id": "CA-CSD-003"
  },
  "92637": {
    "name": "Moulton Niguel Water District",
    "state": "CA",
    "type": "Water District",
    "district_id": "CA-CSD-003"
  },
  "92653": {
    "name": "Moulton Niguel Water District",
    "state": "CA",
    "type": "Water District",
    "district_id": "CA-CSD-003"
  },
  "92656": {
    "name": "Moulton Niguel Water District",
    "state": "CA",
    "type": "Water District",
    "district_id": "CA-CSD-003"
  },
  "92675": {
    "name": "Moulton Niguel Water District",
    "state": "CA",
    "type": "Water District",
    "district_id": "CA-CSD-003"
  },
  "92677": {
    "name": "Moulton Niguel Water District",
    "state": "CA",
    "type": "Water District",
    "district_id": "CA-CSD-003"
  },
  "92688": {
    "name": "Moulton Niguel Water District",
    "state": "CA",
    "type": "Water District",
    "district_id": "CA-CSD-003"
  },
  "92691": {
    "name": "Moulton Niguel Water District",
    "state": "CA",
    "type": "Water District",
    "district_id": "CA-CSD-003"
  },
  "92692": {
    "name": "Moulton Niguel Water District",
    "state": "CA",
    "type": "Water District",
    "district_id": "CA-CSD-003"
  },
  "92694": {
    "name": "Moulton Niguel Water District",
    "state": "CA",
    "type": "Water District",
    "district_id": "CA-CSD-003"
  },
  "91902": {
    "name": "Otay Water District",
    "state": "CA",
    "type": "Water District",
    "district_id": "CA-CSD-005"
  },
  "91910": {
    "name": "Otay Water District",
    "state": "CA",
    "type": "Water District",
    "district_id": "CA-CSD-005"
  },
  "91911": {
    "name": "Otay Water District",
    "state": "CA",
    "type": "Water District",
    "district_id": "CA-CSD-005"
  },
  "91913": {
    "name": "Otay Water District",
    "state": "CA",
    "type": "Water District",
    "district_id": "CA-CSD-005"
  },
  "91914": {
    "name": "Otay Water District",
    "state": "CA",
    "type": "Water District",
    "district_id": "CA-CSD-005"
  },
  "91915": {
    "name": "Otay Water District",
    "state": "CA",
    "type": "Water District",
    "district_id": "CA-CSD-005"
  },
  "91932": {
    "name": "Otay Water District",
    "state": "CA",
    "type": "Water District",
    "district_id": "CA-CSD-005"
  },
  "91935": {
    "name": "Otay Water District",
    "state": "CA",
    "type": "Water District",
    "district_id": "CA-CSD-005"
  },
  "91945": {
    "name": "Otay Water District",
    "state": "CA",
    "type": "Water District",
    "district_id": "CA-CSD-005"
  },
  "91950": {
    "name": "Otay Water District",
    "state": "CA",
    "type": "Water District",
    "district_id": "CA-CSD-005"
  },
  "91977": {
    "name": "Otay Water District",
    "state": "CA",
    "type": "Water District",
    "district_id": "CA-CSD-005"
  },
  "91978": {
    "name": "Otay Water District",
    "state": "CA",
    "type": "Water District",
    "district_id": "CA-CSD-005"
  },
  "92019": {
    "name": "Otay Water District",
    "state": "CA",
    "type": "Water District",
    "district_id": "CA-CSD-005"
  },
  "92020": {
    "name": "Otay Water District",
    "state": "CA",
    "type": "Water District",
    "district_id": "CA-CSD-005"
  },
  "92021": {
    "name": "Otay Water District",
    "state": "CA",
    "type": "Water District",
    "district_id": "CA-CSD-005"
  },
  "91941": {
    "name": "Padre Dam Municipal Water District",
    "state": "CA",
    "type": "Municipal Water District",
    "district_id": "CA-CSD-006"
  },
  "91942": {
    "name": "Padre Dam Municipal Water District",
    "state": "CA",
    "type": "Municipal Water District",
    "district_id": "CA-CSD-006"
  },
  "92040": {
    "name": "Padre Dam Municipal Water District",
    "state": "CA",
    "type": "Municipal Water District",
    "district_id": "CA-CSD-006"
  },
  "92071": {
    "name": "Padre Dam Municipal Water District",
    "state": "CA",
    "type": "Municipal Water District",
    "district_id": "CA-CSD-006"
  },
  "92119": {
    "name": "Padre Dam Municipal Water District",
    "state": "CA",
    "type": "Municipal Water District",
    "district_id": "CA-CSD-006"
  },
  "92120": {
    "name": "Padre Dam Municipal Water District",
    "state": "CA",
    "type": "Municipal Water District",
    "district_id": "CA-CSD-006"
  },
  "92124": {
    "name": "Padre Dam Municipal Water District",
    "state": "CA",
    "type": "Municipal Water District",
    "district_id": "CA-CSD-006"
  },
  "92115": {
    "name": "Helix Water District",
    "state": "CA",
    "type": "Water District",
    "district_id": "CA-CSD-007"
  },
  "92024": {
    "name": "Vallecitos Water District",
    "state": "CA",
    "type": "Water District",
    "district_id": "CA-CSD-008"
  },
  "92025": {
    "name": "Vallecitos Water District",
    "state": "CA",
    "type": "Water District",
    "district_id": "CA-CSD-008"
  },
  "92026": {
    "name": "Vallecitos Water District",
    "state": "CA",
    "type": "Water District",
    "district_id": "CA-CSD-008"
  },
  "92027": {
    "name": "Vallecitos Water District",
    "state": "CA",
    "type": "Water District",
    "district_id": "CA-CSD-008"
  },
  "92029": {
    "name": "Vallecitos Water District",
    "state": "CA",
    "type": "Water District",
    "district_id": "CA-CSD-008"
  },
  "92056": {
    "name": "Vallecitos Water District",
    "state": "CA",
    "type": "Water District",
    "district_id": "CA-CSD-008"
  },
  "92057": {
    "name": "Vallecitos Water District",
    "state": "CA",
    "type": "Water District",
    "district_id": "CA-CSD-008"
  },
  "92058": {
    "name": "Vallecitos Water District",
    "state": "CA",
    "type": "Water District",
    "district_id": "CA-CSD-008"
  },
  "92064": {
    "name": "Vallecitos Water District",
    "state": "CA",
    "type": "Water District",
    "district_id": "CA-CSD-008"
  },
  "92065": {
    "name": "Vallecitos Water District",
    "state": "CA",
    "type": "Water District",
    "district_id": "CA-CSD-008"
  },
  "92069": {
    "name": "Vallecitos Water District",
    "state": "CA",
    "type": "Water District",
    "district_id": "CA-CSD-008"
  },
  "92078": {
    "name": "Vallecitos Water District",
    "state": "CA",
    "type": "Water District",
    "district_id": "CA-CSD-008"
  },
  "92081": {
    "name": "Vallecitos Water District",
    "state": "CA",
    "type": "Water District",
    "district_id": "CA-CSD-008"
  },
  "92082": {
    "name": "Vallecitos Water District",
    "state": "CA",
    "type": "Water District",
    "district_id": "CA-CSD-008"
  },
  "92083": {
    "name": "Vallecitos Water District",
    "state": "CA",
    "type": "Water District",
    "district_id": "CA-CSD-008"
  },
  "92084": {
    "name": "Vallecitos Water District",
    "state": "CA",
    "type": "Water District",
    "district_id": "CA-CSD-008"
  },
  "92127": {
    "name": "Vallecitos Water District",
    "state": "CA",
    "type": "Water District",
    "district_id": "CA-CSD-008"
  },
  "92128": {
    "name": "Vallecitos Water District",
    "state": "CA",
    "type": "Water District",
    "district_id": "CA-CSD-008"
  },
  "92129": {
    "name": "Vallecitos Water District",
    "state": "CA",
    "type": "Water District",
    "district_id": "CA-CSD-008"
  },
  "91701": {
    "name": "Cucamonga Valley Water District",
    "state": "CA",
    "type": "Water District",
    "district_id": "CA-CSD-009"
  },
  "91730": {
    "name": "Cucamonga Valley Water District",
    "state": "CA",
    "type": "Water District",
    "district_id": "CA-CSD-009"
  },
  "91737": {
    "name": "Cucamonga Valley Water District",
    "state": "CA",
    "type": "Water District",
    "district_id": "CA-CSD-009"
  },
  "91739": {
    "name": "Cucamonga Valley Water District",
    "state": "CA",
    "type": "Water District",
    "district_id": "CA-CSD-009"
  },
  "91761": {
    "name": "Cucamonga Valley Water District",
    "state": "CA",
    "type": "Water District",
    "district_id": "CA-CSD-009"
  },
  "91762": {
    "name": "Cucamonga Valley Water District",
    "state": "CA",
    "type": "Water District",
    "district_id": "CA-CSD-009"
  },
  "91764": {
    "name": "Cucamonga Valley Water District",
    "state": "CA",
    "type": "Water District",
    "district_id": "CA-CSD-009"
  },
  "91784": {
    "name": "Cucamonga Valley Water District",
    "state": "CA",
    "type": "Water District",
    "district_id": "CA-CSD-009"
  },
  "91785": {
    "name": "Cucamonga Valley Water District",
    "state": "CA",
    "type": "Water District",
    "district_id": "CA-CSD-009"
  },
  "91786": {
    "name": "Cucamonga Valley Water District",
    "state": "CA",
    "type": "Water District",
    "district_id": "CA-CSD-009"
  },
  "91708": {
    "name": "Inland Empire Utilities Agency",
    "state": "CA",
    "type": "Water Agency",
    "district_id": "CA-CSD-010"
  },
  "91709": {
    "name": "Inland Empire Utilities Agency",
    "state": "CA",
    "type": "Water Agency",
    "district_id": "CA-CSD-010"
  },
  "91710": {
    "name": "Inland Empire Utilities Agency",
    "state": "CA",
    "type": "Water Agency",
    "district_id": "CA-CSD-010"
  },
  "91743": {
    "name": "Inland Empire Utilities Agency",
    "state": "CA",
    "type": "Water Agency",
    "district_id": "CA-CSD-010"
  },
  "91750": {
    "name": "Inland Empire Utilities Agency",
    "state": "CA",
    "type": "Water Agency",
    "district_id": "CA-CSD-010"
  },
  "91752": {
    "name": "Inland Empire Utilities Agency",
    "state": "CA",
    "type": "Water Agency",
    "district_id": "CA-CSD-010"
  },
  "91758": {
    "name": "Inland Empire Utilities Agency",
    "state": "CA",
    "type": "Water Agency",
    "district_id": "CA-CSD-010"
  },
  "91763": {
    "name": "Inland Empire Utilities Agency",
    "state": "CA",
    "type": "Water Agency",
    "district_id": "CA-CSD-010"
  },
  "91765": {
    "name": "Inland Empire Utilities Agency",
    "state": "CA",
    "type": "Water Agency",
    "district_id": "CA-CSD-010"
  },
  "91766": {
    "name": "Inland Empire Utilities Agency",
    "state": "CA",
    "type": "Water Agency",
    "district_id": "CA-CSD-010"
  },
  "91767": {
    "name": "Inland Empire Utilities Agency",
    "state": "CA",
    "type": "Water Agency",
    "district_id": "CA-CSD-010"
  },
  "91768": {
    "name": "Inland Empire Utilities Agency",
    "state": "CA",
    "type": "Water Agency",
    "district_id": "CA-CSD-010"
  },
  "92335": {
    "name": "West Valley Water District",
    "state": "CA",
    "type": "Water District",
    "district_id": "CA-CSD-011"
  },
  "92336": {
    "name": "West Valley Water District",
    "state": "CA",
    "type": "Water District",
    "district_id": "CA-CSD-011"
  },
  "92337": {
    "name": "West Valley Water District",
    "state": "CA",
    "type": "Water District",
    "district_id": "CA-CSD-011"
  },
  "92376": {
    "name": "West Valley Water District",
    "state": "CA",
    "type": "Water District",
    "district_id": "CA-CSD-011"
  },
  "92377": {
    "name": "West Valley Water District",
    "state": "CA",
    "type": "Water District",
    "district_id": "CA-CSD-011"
  },
  "92401": {
    "name": "West Valley Water District",
    "state": "CA",
    "type": "Water District",
    "district_id": "CA-CSD-011"
  },
  "92404": {
    "name": "West Valley Water District",
    "state": "CA",
    "type": "Water District",
    "district_id": "CA-CSD-011"
  },
  "92405": {
    "name": "West Valley Water District",
    "state": "CA",
    "type": "Water District",
    "district_id": "CA-CSD-011"
  },
  "92407": {
    "name": "West Valley Water District",
    "state": "CA",
    "type": "Water District",
    "district_id": "CA-CSD-011"
  },
  "92408": {
    "name": "West Valley Water District",
    "state": "CA",
    "type": "Water District",
    "district_id": "CA-CSD-011"
  },
  "92410": {
    "name": "West Valley Water District",
    "state": "CA",
    "type": "Water District",
    "district_id": "CA-CSD-011"
  },
  "92411": {
    "name": "West Valley Water District",
    "state": "CA",
    "type": "Water District",
    "district_id": "CA-CSD-011"
  },
  "94550": {
    "name": "Zone 7 Water Agency",
    "state": "CA",
    "type": "Water Agency",
    "district_id": "CA-CSD-012"
  },
  "94551": {
    "name": "Zone 7 Water Agency",
    "state": "CA",
    "type": "Water Agency",
    "district_id": "CA-CSD-012"
  },
  "94566": {
    "name": "Zone 7 Water Agency",
    "state": "CA",
    "type": "Water Agency",
    "district_id": "CA-CSD-012"
  },
  "94568": {
    "name": "Zone 7 Water Agency",
    "state": "CA",
    "type": "Water Agency",
    "district_id": "CA-CSD-012"
  },
  "94588": {
    "name": "Zone 7 Water Agency",
    "state": "CA",
    "type": "Water Agency",
    "district_id": "CA-CSD-012"
  },
  "94506": {
    "name": "Dublin San Ramon Services District",
    "state": "CA",
    "type": "Services District",
    "district_id": "CA-CSD-013"
  },
  "94526": {
    "name": "Dublin San Ramon Services District",
    "state": "CA",
    "type": "Services District",
    "district_id": "CA-CSD-013"
  },
  "94582": {
    "name": "Dublin San Ramon Services District",
    "state": "CA",
    "type": "Services District",
    "district_id": "CA-CSD-013"
  },
  "94583": {
    "name": "Dublin San Ramon Services District",
    "state": "CA",
    "type": "Services District",
    "district_id": "CA-CSD-013"
  },
  "94505": {
    "name": "Contra Costa Water District",
    "state": "CA",
    "type": "Water District",
    "district_id": "CA-CSD-014"
  },
  "94507": {
    "name": "Contra Costa Water District",
    "state": "CA",
    "type": "Water District",
    "district_id": "CA-CSD-014"
  },
  "94509": {
    "name": "Contra Costa Water District",
    "state": "CA",
    "type": "Water District",
    "district_id": "CA-CSD-014"
  },
  "94511": {
    "name": "Contra Costa Water District",
    "state": "CA",
    "type": "Water District",
    "district_id": "CA-CSD-014"
  },
  "94513": {
    "name": "Contra Costa Water District",
    "state": "CA",
    "type": "Water District",
    "district_id": "CA-CSD-014"
  },
  "94514": {
    "name": "Contra Costa Water District",
    "state": "CA",
    "type": "Water District",
    "district_id": "CA-CSD-014"
  },
  "94516": {
    "name": "Contra Costa Water District",
    "state": "CA",
    "type": "Water District",
    "district_id": "CA-CSD-014"
  },
  "94517": {
    "name": "Contra Costa Water District",
    "state": "CA",
    "type": "Water District",
    "district_id": "CA-CSD-014"
  },
  "94518": {
    "name": "Contra Costa Water District",
    "state": "CA",
    "type": "Water District",
    "district_id": "CA-CSD-014"
  },
  "94519": {
    "name": "Contra Costa Water District",
    "state": "CA",
    "type": "Water District",
    "district_id": "CA-CSD-014"
  },
  "94520": {
    "name": "Contra Costa Water District",
    "state": "CA",
    "type": "Water District",
    "district_id": "CA-CSD-014"
  },
  "94521": {
    "name": "Contra Costa Water District",
    "state": "CA",
    "type": "Water District",
    "district_id": "CA-CSD-014"
  },
  "94523": {
    "name": "Contra Costa Water District",
    "state": "CA",
    "type": "Water District",
    "district_id": "CA-CSD-014"
  },
  "94525": {
    "name": "Contra Costa Water District",
    "state": "CA",
    "type": "Water District",
    "district_id": "CA-CSD-014"
  },
  "94547": {
    "name": "Contra Costa Water District",
    "state": "CA",
    "type": "Water District",
    "district_id": "CA-CSD-014"
  },
  "94549": {
    "name": "Contra Costa Water District",
    "state": "CA",
    "type": "Water District",
    "district_id": "CA-CSD-014"
  },
  "94553": {
    "name": "Contra Costa Water District",
    "state": "CA",
    "type": "Water District",
    "district_id": "CA-CSD-014"
  },
  "94556": {
    "name": "Contra Costa Water District",
    "state": "CA",
    "type": "Water District",
    "district_id": "CA-CSD-014"
  },
  "94561": {
    "name": "Contra Costa Water District",
    "state": "CA",
    "type": "Water District",
    "district_id": "CA-CSD-014"
  },
  "94563": {
    "name": "Contra Costa Water District",
    "state": "CA",
    "type": "Water District",
    "district_id": "CA-CSD-014"
  },
  "94564": {
    "name": "Contra Costa Water District",
    "state": "CA",
    "type": "Water District",
    "district_id": "CA-CSD-014"
  },
  "94565": {
    "name": "Contra Costa Water District",
    "state": "CA",
    "type": "Water District",
    "district_id": "CA-CSD-014"
  },
  "94570": {
    "name": "Contra Costa Water District",
    "state": "CA",
    "type": "Water District",
    "district_id": "CA-CSD-014"
  },
  "94572": {
    "name": "Contra Costa Water District",
    "state": "CA",
    "type": "Water District",
    "district_id": "CA-CSD-014"
  },
  "94595": {
    "name": "Contra Costa Water District",
    "state": "CA",
    "type": "Water District",
    "district_id": "CA-CSD-014"
  },
  "94596": {
    "name": "Contra Costa Water District",
    "state": "CA",
    "type": "Water District",
    "district_id": "CA-CSD-014"
  },
  "94597": {
    "name": "Contra Costa Water District",
    "state": "CA",
    "type": "Water District",
    "district_id": "CA-CSD-014"
  },
  "94598": {
    "name": "Contra Costa Water District",
    "state": "CA",
    "type": "Water District",
    "district_id": "CA-CSD-014"
  },
  "94022": {
    "name": "Santa Clara Valley Water District",
    "state": "CA",
    "type": "Water District",
    "district_id": "CA-CSD-015"
  },
  "94024": {
    "name": "Santa Clara Valley Water District",
    "state": "CA",
    "type": "Water District",
    "district_id": "CA-CSD-015"
  },
  "94040": {
    "name": "Santa Clara Valley Water District",
    "state": "CA",
    "type": "Water District",
    "district_id": "CA-CSD-015"
  },
  "94041": {
    "name": "Santa Clara Valley Water District",
    "state": "CA",
    "type": "Water District",
    "district_id": "CA-CSD-015"
  },
  "94043": {
    "name": "Santa Clara Valley Water District",
    "state": "CA",
    "type": "Water District",
    "district_id": "CA-CSD-015"
  },
  "94085": {
    "name": "Santa Clara Valley Water District",
    "state": "CA",
    "type": "Water District",
    "district_id": "CA-CSD-015"
  },
  "94086": {
    "name": "Santa Clara Valley Water District",
    "state": "CA",
    "type": "Water District",
    "district_id": "CA-CSD-015"
  },
  "94087": {
    "name": "Santa Clara Valley Water District",
    "state": "CA",
    "type": "Water District",
    "district_id": "CA-CSD-015"
  },
  "94089": {
    "name": "Santa Clara Valley Water District",
    "state": "CA",
    "type": "Water District",
    "district_id": "CA-CSD-015"
  },
  "95008": {
    "name": "Santa Clara Valley Water District",
    "state": "CA",
    "type": "Water District",
    "district_id": "CA-CSD-015"
  },
  "95014": {
    "name": "Santa Clara Valley Water District",
    "state": "CA",
    "type": "Water District",
    "district_id": "CA-CSD-015"
  },
  "95020": {
    "name": "Santa Clara Valley Water District",
    "state": "CA",
    "type": "Water District",
    "district_id": "CA-CSD-015"
  },
  "95030": {
    "name": "Santa Clara Valley Water District",
    "state": "CA",
    "type": "Water District",
    "district_id": "CA-CSD-015"
  },
  "95032": {
    "name": "Santa Clara Valley Water District",
    "state": "CA",
    "type": "Water District",
    "district_id": "CA-CSD-015"
  },
  "95035": {
    "name": "Santa Clara Valley Water District",
    "state": "CA",
    "type": "Water District",
    "district_id": "CA-CSD-015"
  },
  "95037": {
    "name": "Santa Clara Valley Water District",
    "state": "CA",
    "type": "Water District",
    "district_id": "CA-CSD-015"
  },
  "95050": {
    "name": "Santa Clara Valley Water District",
    "state": "CA",
    "type": "Water District",
    "district_id": "CA-CSD-015"
  },
  "95051": {
    "name": "Santa Clara Valley Water District",
    "state": "CA",
    "type": "Water District",
    "district_id": "CA-CSD-015"
  },
  "95054": {
    "name": "Santa Clara Valley Water District",
    "state": "CA",
    "type": "Water District",
    "district_id": "CA-CSD-015"
  },
  "95070": {
    "name": "Santa Clara Valley Water District",
    "state": "CA",
    "type": "Water District",
    "district_id": "CA-CSD-015"
  },
  "95110": {
    "name": "Santa Clara Valley Water District",
    "state": "CA",
    "type": "Water District",
    "district_id": "CA-CSD-015"
  },
  "95111": {
    "name": "Santa Clara Valley Water District",
    "state": "CA",
    "type": "Water District",
    "district_id": "CA-CSD-015"
  },
  "95112": {
    "name": "Santa Clara Valley Water District",
    "state": "CA",
    "type": "Water District",
    "district_id": "CA-CSD-015"
  },
  "95113": {
    "name": "Santa Clara Valley Water District",
    "state": "CA",
    "type": "Water District",
    "district_id": "CA-CSD-015"
  },
  "95116": {
    "name": "Santa Clara Valley Water District",
    "state": "CA",
    "type": "Water District",
    "district_id": "CA-CSD-015"
  },
  "95117": {
    "name": "Santa Clara Valley Water District",
    "state": "CA",
    "type": "Water District",
    "district_id": "CA-CSD-015"
  },
  "95118": {
    "name": "Santa Clara Valley Water District",
    "state": "CA",
    "type": "Water District",
    "district_id": "CA-CSD-015"
  },
  "95119": {
    "name": "Santa Clara Valley Water District",
    "state": "CA",
    "type": "Water District",
    "district_id": "CA-CSD-015"
  },
  "95120": {
    "name": "Santa Clara Valley Water District",
    "state": "CA",
    "type": "Water District",
    "district_id": "CA-CSD-015"
  },
  "95121": {
    "name": "Santa Clara Valley Water District",
    "state": "CA",
    "type": "Water District",
    "district_id": "CA-CSD-015"
  },
  "95122": {
    "name": "Santa Clara Valley Water District",
    "state": "CA",
    "type": "Water District",
    "district_id": "CA-CSD-015"
  },
  "95123": {
    "name": "Santa Clara Valley Water District",
    "state": "CA",
    "type": "Water District",
    "district_id": "CA-CSD-015"
  },
  "95124": {
    "name": "Santa Clara Valley Water District",
    "state": "CA",
    "type": "Water District",
    "district_id": "CA-CSD-015"
  },
  "95125": {
    "name": "Santa Clara Valley Water District",
    "state": "CA",
    "type": "Water District",
    "district_id": "CA-CSD-015"
  },
  "95126": {
    "name": "Santa Clara Valley Water District",
    "state": "CA",
    "type": "Water District",
    "district_id": "CA-CSD-015"
  },
  "95127": {
    "name": "Santa Clara Valley Water District",
    "state": "CA",
    "type": "Water District",
    "district_id": "CA-CSD-015"
  },
  "95128": {
    "name": "Santa Clara Valley Water District",
    "state": "CA",
    "type": "Water District",
    "district_id": "CA-CSD-015"
  },
  "95129": {
    "name": "Santa Clara Valley Water District",
    "state": "CA",
    "type": "Water District",
    "district_id": "CA-CSD-015"
  },
  "95130": {
    "name": "Santa Clara Valley Water District",
    "state": "CA",
    "type": "Water District",
    "district_id": "CA-CSD-015"
  },
  "95131": {
    "name": "Santa Clara Valley Water District",
    "state": "CA",
    "type": "Water District",
    "district_id": "CA-CSD-015"
  },
  "95132": {
    "name": "Santa Clara Valley Water District",
    "state": "CA",
    "type": "Water District",
    "district_id": "CA-CSD-015"
  },
  "95133": {
    "name": "Santa Clara Valley Water District",
    "state": "CA",
    "type": "Water District",
    "district_id": "CA-CSD-015"
  },
  "95134": {
    "name": "Santa Clara Valley Water District",
    "state": "CA",
    "type": "Water District",
    "district_id": "CA-CSD-015"
  },
  "95135": {
    "name": "Santa Clara Valley Water District",
    "state": "CA",
    "type": "Water District",
    "district_id": "CA-CSD-015"
  },
  "95136": {
    "name": "Santa Clara Valley Water District",
    "state": "CA",
    "type": "Water District",
    "district_id": "CA-CSD-015"
  },
  "95138": {
    "name": "Santa Clara Valley Water District",
    "state": "CA",
    "type": "Water District",
    "district_id": "CA-CSD-015"
  },
  "95139": {
    "name": "Santa Clara Valley Water District",
    "state": "CA",
    "type": "Water District",
    "district_id": "CA-CSD-015"
  },
  "95148": {
    "name": "Santa Clara Valley Water District",
    "state": "CA",
    "type": "Water District",
    "district_id": "CA-CSD-015"
  },
  "95608": {
    "name": "Sacramento Suburban Water District",
    "state": "CA",
    "type": "Water District",
    "district_id": "CA-CSD-016"
  },
  "95610": {
    "name": "Sacramento Suburban Water District",
    "state": "CA",
    "type": "Water District",
    "district_id": "CA-CSD-016"
  },
  "95621": {
    "name": "Sacramento Suburban Water District",
    "state": "CA",
    "type": "Water District",
    "district_id": "CA-CSD-016"
  },
  "95628": {
    "name": "Sacramento Suburban Water District",
    "state": "CA",
    "type": "Water District",
    "district_id": "CA-CSD-016"
  },
  "95630": {
    "name": "Sacramento Suburban Water District",
    "state": "CA",
    "type": "Water District",
    "district_id": "CA-CSD-016"
  },
  "95652": {
    "name": "Sacramento Suburban Water District",
    "state": "CA",
    "type": "Water District",
    "district_id": "CA-CSD-016"
  },
  "95660": {
    "name": "Sacramento Suburban Water District",
    "state": "CA",
    "type": "Water District",
    "district_id": "CA-CSD-016"
  },
  "95662": {
    "name": "Sacramento Suburban Water District",
    "state": "CA",
    "type": "Water District",
    "district_id": "CA-CSD-016"
  },
  "95670": {
    "name": "Sacramento Suburban Water District",
    "state": "CA",
    "type": "Water District",
    "district_id": "CA-CSD-016"
  },
  "95678": {
    "name": "Sacramento Suburban Water District",
    "state": "CA",
    "type": "Water District",
    "district_id": "CA-CSD-016"
  },
  "95742": {
    "name": "Sacramento Suburban Water District",
    "state": "CA",
    "type": "Water District",
    "district_id": "CA-CSD-016"
  },
  "95821": {
    "name": "Sacramento Suburban Water District",
    "state": "CA",
    "type": "Water District",
    "district_id": "CA-CSD-016"
  },
  "95825": {
    "name": "Sacramento Suburban Water District",
    "state": "CA",
    "type": "Water District",
    "district_id": "CA-CSD-016"
  },
  "95841": {
    "name": "Sacramento Suburban Water District",
    "state": "CA",
    "type": "Water District",
    "district_id": "CA-CSD-016"
  },
  "95842": {
    "name": "Sacramento Suburban Water District",
    "state": "CA",
    "type": "Water District",
    "district_id": "CA-CSD-016"
  },
  "95843": {
    "name": "Sacramento Suburban Water District",
    "state": "CA",
    "type": "Water District",
    "district_id": "CA-CSD-016"
  },
  "95864": {
    "name": "Carmichael Water District",
    "state": "CA",
    "type": "Water District",
    "district_id": "CA-CSD-017"
  },
  "93650": {
    "name": "Fresno Irrigation District",
    "state": "CA",
    "type": "Irrigation District",
    "district_id": "CA-CSD-018"
  },
  "93701": {
    "name": "Fresno Irrigation District",
    "state": "CA",
    "type": "Irrigation District",
    "district_id": "CA-CSD-018"
  },
  "93702": {
    "name": "Fresno Irrigation District",
    "state": "CA",
    "type": "Irrigation District",
    "district_id": "CA-CSD-018"
  },
  "93703": {
    "name": "Fresno Irrigation District",
    "state": "CA",
    "type": "Irrigation District",
    "district_id": "CA-CSD-018"
  },
  "93704": {
    "name": "Fresno Irrigation District",
    "state": "CA",
    "type": "Irrigation District",
    "district_id": "CA-CSD-018"
  },
  "93705": {
    "name": "Fresno Irrigation District",
    "state": "CA",
    "type": "Irrigation District",
    "district_id": "CA-CSD-018"
  },
  "93706": {
    "name": "Fresno Irrigation District",
    "state": "CA",
    "type": "Irrigation District",
    "district_id": "CA-CSD-018"
  },
  "93710": {
    "name": "Fresno Irrigation District",
    "state": "CA",
    "type": "Irrigation District",
    "district_id": "CA-CSD-018"
  },
  "93711": {
    "name": "Fresno Irrigation District",
    "state": "CA",
    "type": "Irrigation District",
    "district_id": "CA-CSD-018"
  },
  "93720": {
    "name": "Fresno Irrigation District",
    "state": "CA",
    "type": "Irrigation District",
    "district_id": "CA-CSD-018"
  },
  "93721": {
    "name": "Fresno Irrigation District",
    "state": "CA",
    "type": "Irrigation District",
    "district_id": "CA-CSD-018"
  },
  "93722": {
    "name": "Fresno Irrigation District",
    "state": "CA",
    "type": "Irrigation District",
    "district_id": "CA-CSD-018"
  },
  "93723": {
    "name": "Fresno Irrigation District",
    "state": "CA",
    "type": "Irrigation District",
    "district_id": "CA-CSD-018"
  },
  "93725": {
    "name": "Fresno Irrigation District",
    "state": "CA",
    "type": "Irrigation District",
    "district_id": "CA-CSD-018"
  },
  "93726": {
    "name": "Fresno Irrigation District",
    "state": "CA",
    "type": "Irrigation District",
    "district_id": "CA-CSD-018"
  },
  "93727": {
    "name": "Fresno Irrigation District",
    "state": "CA",
    "type": "Irrigation District",
    "district_id": "CA-CSD-018"
  },
  "93728": {
    "name": "Fresno Irrigation District",
    "state": "CA",
    "type": "Irrigation District",
    "district_id": "CA-CSD-018"
  },
  "93730": {
    "name": "Fresno Irrigation District",
    "state": "CA",
    "type": "Irrigation District",
    "district_id": "CA-CSD-018"
  },
  "91301": {
    "name": "Las Virgenes Municipal Water District",
    "state": "CA",
    "type": "Municipal Water District",
    "district_id": "CA-CSD-019"
  },
  "91302": {
    "name": "Las Virgenes Municipal Water District",
    "state": "CA",
    "type": "Municipal Water District",
    "district_id": "CA-CSD-019"
  },
  "91311": {
    "name": "Las Virgenes Municipal Water District",
    "state": "CA",
    "type": "Municipal Water District",
    "district_id": "CA-CSD-019"
  },
  "91361": {
    "name": "Las Virgenes Municipal Water District",
    "state": "CA",
    "type": "Municipal Water District",
    "district_id": "CA-CSD-019"
  },
  "91362": {
    "name": "Las Virgenes Municipal Water District",
    "state": "CA",
    "type": "Municipal Water District",
    "district_id": "CA-CSD-019"
  },
  "91377": {
    "name": "Las Virgenes Municipal Water District",
    "state": "CA",
    "type": "Municipal Water District",
    "district_id": "CA-CSD-019"
  },
  "91702": {
    "name": "Three Valleys Municipal Water District",
    "state": "CA",
    "type": "Municipal Water District",
    "district_id": "CA-CSD-020"
  },
  "91706": {
    "name": "Three Valleys Municipal Water District",
    "state": "CA",
    "type": "Municipal Water District",
    "district_id": "CA-CSD-020"
  },
  "91711": {
    "name": "Three Valleys Municipal Water District",
    "state": "CA",
    "type": "Municipal Water District",
    "district_id": "CA-CSD-020"
  },
  "91722": {
    "name": "Three Valleys Municipal Water District",
    "state": "CA",
    "type": "Municipal Water District",
    "district_id": "CA-CSD-020"
  },
  "91723": {
    "name": "Three Valleys Municipal Water District",
    "state": "CA",
    "type": "Municipal Water District",
    "district_id": "CA-CSD-020"
  },
  "91724": {
    "name": "Three Valleys Municipal Water District",
    "state": "CA",
    "type": "Municipal Water District",
    "district_id": "CA-CSD-020"
  },
  "91731": {
    "name": "Three Valleys Municipal Water District",
    "state": "CA",
    "type": "Municipal Water District",
    "district_id": "CA-CSD-020"
  },
  "91732": {
    "name": "Three Valleys Municipal Water District",
    "state": "CA",
    "type": "Municipal Water District",
    "district_id": "CA-CSD-020"
  },
  "91740": {
    "name": "Three Valleys Municipal Water District",
    "state": "CA",
    "type": "Municipal Water District",
    "district_id": "CA-CSD-020"
  },
  "91741": {
    "name": "Three Valleys Municipal Water District",
    "state": "CA",
    "type": "Municipal Water District",
    "district_id": "CA-CSD-020"
  },
  "91744": {
    "name": "Three Valleys Municipal Water District",
    "state": "CA",
    "type": "Municipal Water District",
    "district_id": "CA-CSD-020"
  },
  "91745": {
    "name": "Three Valleys Municipal Water District",
    "state": "CA",
    "type": "Municipal Water District",
    "district_id": "CA-CSD-020"
  },
  "91746": {
    "name": "Three Valleys Municipal Water District",
    "state": "CA",
    "type": "Municipal Water District",
    "district_id": "CA-CSD-020"
  },
  "91747": {
    "name": "Three Valleys Municipal Water District",
    "state": "CA",
    "type": "Municipal Water District",
    "district_id": "CA-CSD-020"
  },
  "91748": {
    "name": "Three Valleys Municipal Water District",
    "state": "CA",
    "type": "Municipal Water District",
    "district_id": "CA-CSD-020"
  },
  "91770": {
    "name": "Three Valleys Municipal Water District",
    "state": "CA",
    "type": "Municipal Water District",
    "district_id": "CA-CSD-020"
  },
  "91773": {
    "name": "Three Valleys Municipal Water District",
    "state": "CA",
    "type": "Municipal Water District",
    "district_id": "CA-CSD-020"
  },
  "91789": {
    "name": "Three Valleys Municipal Water District",
    "state": "CA",
    "type": "Municipal Water District",
    "district_id": "CA-CSD-020"
  },
  "91790": {
    "name": "Three Valleys Municipal Water District",
    "state": "CA",
    "type": "Municipal Water District",
    "district_id": "CA-CSD-020"
  },
  "91791": {
    "name": "Three Valleys Municipal Water District",
    "state": "CA",
    "type": "Municipal Water District",
    "district_id": "CA-CSD-020"
  },
  "91792": {
    "name": "Three Valleys Municipal Water District",
    "state": "CA",
    "type": "Municipal Water District",
    "district_id": "CA-CSD-020"
  },
  "80126": {
    "name": "Highlands Ranch Metropolitan District",
    "state": "CO",
    "type": "Metropolitan District",
    "district_id": "CO-METRO-001"
  },
  "80129": {
    "name": "Highlands Ranch Metropolitan District",
    "state": "CO",
    "type": "Metropolitan District",
    "district_id": "CO-METRO-001"
  },
  "80130": {
    "name": "Highlands Ranch Metropolitan District",
    "state": "CO",
    "type": "Metropolitan District",
    "district_id": "CO-METRO-001"
  },
  "80104": {
    "name": "Castle Rock Water",
    "state": "CO",
    "type": "Water District",
    "district_id": "CO-METRO-002"
  },
  "80108": {
    "name": "Castle Rock Water",
    "state": "CO",
    "type": "Water District",
    "district_id": "CO-METRO-002"
  },
  "80109": {
    "name": "Castle Rock Water",
    "state": "CO",
    "type": "Water District",
    "district_id": "CO-METRO-002"
  },
  "80134": {
    "name": "Parker Water & Sanitation District",
    "state": "CO",
    "type": "Water and Sanitation District",
    "district_id": "CO-METRO-003"
  },
  "80138": {
    "name": "Parker Water & Sanitation District",
    "state": "CO",
    "type": "Water and Sanitation District",
    "district_id": "CO-METRO-003"
  },
  "80112": {
    "name": "Centennial Water & Sanitation District",
    "state": "CO",
    "type": "Water and Sanitation District",
    "district_id": "CO-METRO-004"
  },
  "80122": {
    "name": "Centennial Water & Sanitation District",
    "state": "CO",
    "type": "Water and Sanitation District",
    "district_id": "CO-METRO-004"
  },
  "80016": {
    "name": "Centennial Water & Sanitation District",
    "state": "CO",
    "type": "Water and Sanitation District",
    "district_id": "CO-METRO-004"
  },
  "80202": {
    "name": "Denver Water",
    "state": "CO",
    "type": "Water District",
    "district_id": "CO-METRO-005"
  },
  "80203": {
    "name": "Denver Water",
    "state": "CO",
    "type": "Water District",
    "district_id": "CO-METRO-005"
  },
  "80204": {
    "name": "Denver Water",
    "state": "CO",
    "type": "Water District",
    "district_id": "CO-METRO-005"
  },
  "80205": {
    "name": "Denver Water",
    "state": "CO",
    "type": "Water District",
    "district_id": "CO-METRO-005"
  },
  "80206": {
    "name": "Denver Water",
    "state": "CO",
    "type": "Water District",
    "district_id": "CO-METRO-005"
  },
  "80207": {
    "name": "Denver Water",
    "state": "CO",
    "type": "Water District",
    "district_id": "CO-METRO-005"
  },
  "80209": {
    "name": "Denver Water",
    "state": "CO",
    "type": "Water District",
    "district_id": "CO-METRO-005"
  },
  "80210": {
    "name": "Denver Water",
    "state": "CO",
    "type": "Water District",
    "district_id": "CO-METRO-005"
  },
  "80211": {
    "name": "Denver Water",
    "state": "CO",
    "type": "Water District",
    "district_id": "CO-METRO-005"
  },
  "80212": {
    "name": "Denver Water",
    "state": "CO",
    "type": "Water District",
    "district_id": "CO-METRO-005"
  },
  "80214": {
    "name": "Denver Water",
    "state": "CO",
    "type": "Water District",
    "district_id": "CO-METRO-005"
  },
  "80216": {
    "name": "Denver Water",
    "state": "CO",
    "type": "Water District",
    "district_id": "CO-METRO-005"
  },
  "80218": {
    "name": "Denver Water",
    "state": "CO",
    "type": "Water District",
    "district_id": "CO-METRO-005"
  },
  "80219": {
    "name": "Denver Water",
    "state": "CO",
    "type": "Water District",
    "district_id": "CO-METRO-005"
  },
  "80220": {
    "name": "Denver Water",
    "state": "CO",
    "type": "Water District",
    "district_id": "CO-METRO-005"
  },
  "80221": {
    "name": "Denver Water",
    "state": "CO",
    "type": "Water District",
    "district_id": "CO-METRO-005"
  },
  "80222": {
    "name": "Denver Water",
    "state": "CO",
    "type": "Water District",
    "district_id": "CO-METRO-005"
  },
  "80223": {
    "name": "Denver Water",
    "state": "CO",
    "type": "Water District",
    "district_id": "CO-METRO-005"
  },
  "80224": {
    "name": "Denver Water",
    "state": "CO",
    "type": "Water District",
    "district_id": "CO-METRO-005"
  },
  "80227": {
    "name": "Denver Water",
    "state": "CO",
    "type": "Water District",
    "district_id": "CO-METRO-005"
  },
  "80230": {
    "name": "Denver Water",
    "state": "CO",
    "type": "Water District",
    "district_id": "CO-METRO-005"
  },
  "80231": {
    "name": "Denver Water",
    "state": "CO",
    "type": "Water District",
    "district_id": "CO-METRO-005"
  },
  "80232": {
    "name": "Denver Water",
    "state": "CO",
    "type": "Water District",
    "district_id": "CO-METRO-005"
  },
  "80235": {
    "name": "Denver Water",
    "state": "CO",
    "type": "Water District",
    "district_id": "CO-METRO-005"
  },
  "80236": {
    "name": "Denver Water",
    "state": "CO",
    "type": "Water District",
    "district_id": "CO-METRO-005"
  },
  "80237": {
    "name": "Denver Water",
    "state": "CO",
    "type": "Water District",
    "district_id": "CO-METRO-005"
  },
  "80238": {
    "name": "Denver Water",
    "state": "CO",
    "type": "Water District",
    "district_id": "CO-METRO-005"
  },
  "80239": {
    "name": "Denver Water",
    "state": "CO",
    "type": "Water District",
    "district_id": "CO-METRO-005"
  },
  "80246": {
    "name": "Denver Water",
    "state": "CO",
    "type": "Water District",
    "district_id": "CO-METRO-005"
  },
  "80247": {
    "name": "Denver Water",
    "state": "CO",
    "type": "Water District",
    "district_id": "CO-METRO-005"
  },
  "80249": {
    "name": "Denver Water",
    "state": "CO",
    "type": "Water District",
    "district_id": "CO-METRO-005"
  },
  "80010": {
    "name": "Aurora Water",
    "state": "CO",
    "type": "Municipal Water",
    "district_id": "CO-METRO-006"
  },
  "80011": {
    "name": "Aurora Water",
    "state": "CO",
    "type": "Municipal Water",
    "district_id": "CO-METRO-006"
  },
  "80012": {
    "name": "Aurora Water",
    "state": "CO",
    "type": "Municipal Water",
    "district_id": "CO-METRO-006"
  },
  "80013": {
    "name": "Aurora Water",
    "state": "CO",
    "type": "Municipal Water",
    "district_id": "CO-METRO-006"
  },
  "80014": {
    "name": "Aurora Water",
    "state": "CO",
    "type": "Municipal Water",
    "district_id": "CO-METRO-006"
  },
  "80015": {
    "name": "Aurora Water",
    "state": "CO",
    "type": "Municipal Water",
    "district_id": "CO-METRO-006"
  },
  "80017": {
    "name": "Aurora Water",
    "state": "CO",
    "type": "Municipal Water",
    "district_id": "CO-METRO-006"
  },
  "80018": {
    "name": "Aurora Water",
    "state": "CO",
    "type": "Municipal Water",
    "district_id": "CO-METRO-006"
  },
  "80019": {
    "name": "Aurora Water",
    "state": "CO",
    "type": "Municipal Water",
    "district_id": "CO-METRO-006"
  },
  "80215": {
    "name": "Lakewood Water District",
    "state": "CO",
    "type": "Water District",
    "district_id": "CO-METRO-007"
  },
  "80226": {
    "name": "Lakewood Water District",
    "state": "CO",
    "type": "Water District",
    "district_id": "CO-METRO-007"
  },
  "80228": {
    "name": "Lakewood Water District",
    "state": "CO",
    "type": "Water District",
    "district_id": "CO-METRO-007"
  },
  "80002": {
    "name": "Arvada Water",
    "state": "CO",
    "type": "Municipal Water",
    "district_id": "CO-METRO-008"
  },
  "80003": {
    "name": "Arvada Water",
    "state": "CO",
    "type": "Municipal Water",
    "district_id": "CO-METRO-008"
  },
  "80004": {
    "name": "Arvada Water",
    "state": "CO",
    "type": "Municipal Water",
    "district_id": "CO-METRO-008"
  },
  "80005": {
    "name": "Arvada Water",
    "state": "CO",
    "type": "Municipal Water",
    "district_id": "CO-METRO-008"
  },
  "80007": {
    "name": "Arvada Water",
    "state": "CO",
    "type": "Municipal Water",
    "district_id": "CO-METRO-008"
  },
  "80020": {
    "name": "Westminster Water",
    "state": "CO",
    "type": "Municipal Water",
    "district_id": "CO-METRO-009"
  },
  "80021": {
    "name": "Westminster Water",
    "state": "CO",
    "type": "Municipal Water",
    "district_id": "CO-METRO-009"
  },
  "80030": {
    "name": "Westminster Water",
    "state": "CO",
    "type": "Municipal Water",
    "district_id": "CO-METRO-009"
  },
  "80031": {
    "name": "Westminster Water",
    "state": "CO",
    "type": "Municipal Water",
    "district_id": "CO-METRO-009"
  },
  "80234": {
    "name": "Westminster Water",
    "state": "CO",
    "type": "Municipal Water",
    "district_id": "CO-METRO-009"
  },
  "80260": {
    "name": "Westminster Water",
    "state": "CO",
    "type": "Municipal Water",
    "district_id": "CO-METRO-009"
  },
  "80229": {
    "name": "Thornton Water",
    "state": "CO",
    "type": "Municipal Water",
    "district_id": "CO-METRO-010"
  },
  "80233": {
    "name": "Thornton Water",
    "state": "CO",
    "type": "Municipal Water",
    "district_id": "CO-METRO-010"
  },
  "80241": {
    "name": "Thornton Water",
    "state": "CO",
    "type": "Municipal Water",
    "district_id": "CO-METRO-010"
  },
  "80602": {
    "name": "Thornton Water",
    "state": "CO",
    "type": "Municipal Water",
    "district_id": "CO-METRO-010"
  },
  "80901": {
    "name": "Colorado Springs Utilities",
    "state": "CO",
    "type": "Municipal Utility",
    "district_id": "CO-METRO-011"
  },
  "80902": {
    "name": "Colorado Springs Utilities",
    "state": "CO",
    "type": "Municipal Utility",
    "district_id": "CO-METRO-011"
  },
  "80903": {
    "name": "Colorado Springs Utilities",
    "state": "CO",
    "type": "Municipal Utility",
    "district_id": "CO-METRO-011"
  },
  "80904": {
    "name": "Colorado Springs Utilities",
    "state": "CO",
    "type": "Municipal Utility",
    "district_id": "CO-METRO-011"
  },
  "80905": {
    "name": "Colorado Springs Utilities",
    "state": "CO",
    "type": "Municipal Utility",
    "district_id": "CO-METRO-011"
  },
  "80906": {
    "name": "Colorado Springs Utilities",
    "state": "CO",
    "type": "Municipal Utility",
    "district_id": "CO-METRO-011"
  },
  "80907": {
    "name": "Colorado Springs Utilities",
    "state": "CO",
    "type": "Municipal Utility",
    "district_id": "CO-METRO-011"
  },
  "80908": {
    "name": "Colorado Springs Utilities",
    "state": "CO",
    "type": "Municipal Utility",
    "district_id": "CO-METRO-011"
  },
  "80909": {
    "name": "Colorado Springs Utilities",
    "state": "CO",
    "type": "Municipal Utility",
    "district_id": "CO-METRO-011"
  },
  "80910": {
    "name": "Colorado Springs Utilities",
    "state": "CO",
    "type": "Municipal Utility",
    "district_id": "CO-METRO-011"
  },
  "80911": {
    "name": "Colorado Springs Utilities",
    "state": "CO",
    "type": "Municipal Utility",
    "district_id": "CO-METRO-011"
  },
  "80912": {
    "name": "Colorado Springs Utilities",
    "state": "CO",
    "type": "Municipal Utility",
    "district_id": "CO-METRO-011"
  },
  "80913": {
    "name": "Colorado Springs Utilities",
    "state": "CO",
    "type": "Municipal Utility",
    "district_id": "CO-METRO-011"
  },
  "80914": {
    "name": "Colorado Springs Utilities",
    "state": "CO",
    "type": "Municipal Utility",
    "district_id": "CO-METRO-011"
  },
  "80915": {
    "name": "Colorado Springs Utilities",
    "state": "CO",
    "type": "Municipal Utility",
    "district_id": "CO-METRO-011"
  },
  "80916": {
    "name": "Colorado Springs Utilities",
    "state": "CO",
    "type": "Municipal Utility",
    "district_id": "CO-METRO-011"
  },
  "80917": {
    "name": "Colorado Springs Utilities",
    "state": "CO",
    "type": "Municipal Utility",
    "district_id": "CO-METRO-011"
  },
  "80918": {
    "name": "Colorado Springs Utilities",
    "state": "CO",
    "type": "Municipal Utility",
    "district_id": "CO-METRO-011"
  },
  "80919": {
    "name": "Colorado Springs Utilities",
    "state": "CO",
    "type": "Municipal Utility",
    "district_id": "CO-METRO-011"
  },
  "80920": {
    "name": "Colorado Springs Utilities",
    "state": "CO",
    "type": "Municipal Utility",
    "district_id": "CO-METRO-011"
  },
  "80921": {
    "name": "Colorado Springs Utilities",
    "state": "CO",
    "type": "Municipal Utility",
    "district_id": "CO-METRO-011"
  },
  "80922": {
    "name": "Colorado Springs Utilities",
    "state": "CO",
    "type": "Municipal Utility",
    "district_id": "CO-METRO-011"
  },
  "80923": {
    "name": "Colorado Springs Utilities",
    "state": "CO",
    "type": "Municipal Utility",
    "district_id": "CO-METRO-011"
  },
  "80924": {
    "name": "Colorado Springs Utilities",
    "state": "CO",
    "type": "Municipal Utility",
    "district_id": "CO-METRO-011"
  },
  "80925": {
    "name": "Colorado Springs Utilities",
    "state": "CO",
    "type": "Municipal Utility",
    "district_id": "CO-METRO-011"
  },
  "80926": {
    "name": "Colorado Springs Utilities",
    "state": "CO",
    "type": "Municipal Utility",
    "district_id": "CO-METRO-011"
  },
  "80927": {
    "name": "Colorado Springs Utilities",
    "state": "CO",
    "type": "Municipal Utility",
    "district_id": "CO-METRO-011"
  },
  "80928": {
    "name": "Colorado Springs Utilities",
    "state": "CO",
    "type": "Municipal Utility",
    "district_id": "CO-METRO-011"
  },
  "80929": {
    "name": "Colorado Springs Utilities",
    "state": "CO",
    "type": "Municipal Utility",
    "district_id": "CO-METRO-011"
  },
  "80930": {
    "name": "Colorado Springs Utilities",
    "state": "CO",
    "type": "Municipal Utility",
    "district_id": "CO-METRO-011"
  },
  "80938": {
    "name": "Colorado Springs Utilities",
    "state": "CO",
    "type": "Municipal Utility",
    "district_id": "CO-METRO-011"
  },
  "80939": {
    "name": "Colorado Springs Utilities",
    "state": "CO",
    "type": "Municipal Utility",
    "district_id": "CO-METRO-011"
  },
  "80951": {
    "name": "Colorado Springs Utilities",
    "state": "CO",
    "type": "Municipal Utility",
    "district_id": "CO-METRO-011"
  },
  "80521": {
    "name": "Fort Collins Utilities",
    "state": "CO",
    "type": "Municipal Utility",
    "district_id": "CO-METRO-012"
  },
  "80524": {
    "name": "Fort Collins Utilities",
    "state": "CO",
    "type": "Municipal Utility",
    "district_id": "CO-METRO-012"
  },
  "80525": {
    "name": "Fort Collins Utilities",
    "state": "CO",
    "type": "Municipal Utility",
    "district_id": "CO-METRO-012"
  },
  "80526": {
    "name": "Fort Collins Utilities",
    "state": "CO",
    "type": "Municipal Utility",
    "district_id": "CO-METRO-012"
  },
  "80528": {
    "name": "Fort Collins Utilities",
    "state": "CO",
    "type": "Municipal Utility",
    "district_id": "CO-METRO-012"
  },
  "80537": {
    "name": "Loveland Water & Power",
    "state": "CO",
    "type": "Municipal Utility",
    "district_id": "CO-METRO-013"
  },
  "80538": {
    "name": "Loveland Water & Power",
    "state": "CO",
    "type": "Municipal Utility",
    "district_id": "CO-METRO-013"
  },
  "80631": {
    "name": "Greeley Water",
    "state": "CO",
    "type": "Municipal Water",
    "district_id": "CO-METRO-014"
  },
  "80632": {
    "name": "Greeley Water",
    "state": "CO",
    "type": "Municipal Water",
    "district_id": "CO-METRO-014"
  },
  "80633": {
    "name": "Greeley Water",
    "state": "CO",
    "type": "Municipal Water",
    "district_id": "CO-METRO-014"
  },
  "80634": {
    "name": "Greeley Water",
    "state": "CO",
    "type": "Municipal Water",
    "district_id": "CO-METRO-014"
  },
  "80301": {
    "name": "Boulder Water",
    "state": "CO",
    "type": "Municipal Water",
    "district_id": "CO-METRO-015"
  },
  "80302": {
    "name": "Boulder Water",
    "state": "CO",
    "type": "Municipal Water",
    "district_id": "CO-METRO-015"
  },
  "80303": {
    "name": "Boulder Water",
    "state": "CO",
    "type": "Municipal Water",
    "district_id": "CO-METRO-015"
  },
  "80304": {
    "name": "Boulder Water",
    "state": "CO",
    "type": "Municipal Water",
    "district_id": "CO-METRO-015"
  },
  "80305": {
    "name": "Boulder Water",
    "state": "CO",
    "type": "Municipal Water",
    "district_id": "CO-METRO-015"
  },
  "80309": {
    "name": "Boulder Water",
    "state": "CO",
    "type": "Municipal Water",
    "district_id": "CO-METRO-015"
  },
  "80310": {
    "name": "Boulder Water",
    "state": "CO",
    "type": "Municipal Water",
    "district_id": "CO-METRO-015"
  },
  "80501": {
    "name": "Longmont Water",
    "state": "CO",
    "type": "Municipal Water",
    "district_id": "CO-METRO-016"
  },
  "80503": {
    "name": "Longmont Water",
    "state": "CO",
    "type": "Municipal Water",
    "district_id": "CO-METRO-016"
  },
  "80504": {
    "name": "Longmont Water",
    "state": "CO",
    "type": "Municipal Water",
    "district_id": "CO-METRO-016"
  },
  "81001": {
    "name": "Pueblo Water",
    "state": "CO",
    "type": "Water District",
    "district_id": "CO-METRO-017"
  },
  "81003": {
    "name": "Pueblo Water",
    "state": "CO",
    "type": "Water District",
    "district_id": "CO-METRO-017"
  },
  "81004": {
    "name": "Pueblo Water",
    "state": "CO",
    "type": "Water District",
    "district_id": "CO-METRO-017"
  },
  "81005": {
    "name": "Pueblo Water",
    "state": "CO",
    "type": "Water District",
    "district_id": "CO-METRO-017"
  },
  "81006": {
    "name": "Pueblo Water",
    "state": "CO",
    "type": "Water District",
    "district_id": "CO-METRO-017"
  },
  "81007": {
    "name": "Pueblo Water",
    "state": "CO",
    "type": "Water District",
    "district_id": "CO-METRO-017"
  },
  "81008": {
    "name": "Pueblo Water",
    "state": "CO",
    "type": "Water District",
    "district_id": "CO-METRO-017"
  },
  "80125": {
    "name": "Roxborough Water & Sanitation District",
    "state": "CO",
    "type": "Water and Sanitation District",
    "district_id": "CO-METRO-018"
  },
  "80124": {
    "name": "South Metro Water Supply Authority",
    "state": "CO",
    "type": "Water Authority",
    "district_id": "CO-METRO-020"
  },
  "34747": {
    "name": "Celebration Community Development District",
    "state": "FL",
    "type": "CDD",
    "district_id": "FL-CDD-001"
  },
  "34773": {
    "name": "Harmony Community Development District",
    "state": "FL",
    "type": "CDD",
    "district_id": "FL-CDD-002"
  },
  "32159": {
    "name": "The Villages Community Development District",
    "state": "FL",
    "type": "CDD",
    "district_id": "FL-CDD-005"
  },
  "32162": {
    "name": "The Villages Community Development District",
    "state": "FL",
    "type": "CDD",
    "district_id": "FL-CDD-005"
  },
  "32163": {
    "name": "The Villages Community Development District",
    "state": "FL",
    "type": "CDD",
    "district_id": "FL-CDD-005"
  },
  "34202": {
    "name": "Lakewood Ranch Stewardship District",
    "state": "FL",
    "type": "CDD",
    "district_id": "FL-CDD-006"
  },
  "34211": {
    "name": "Lakewood Ranch Stewardship District",
    "state": "FL",
    "type": "CDD",
    "district_id": "FL-CDD-006"
  },
  "34212": {
    "name": "Lakewood Ranch Stewardship District",
    "state": "FL",
    "type": "CDD",
    "district_id": "FL-CDD-006"
  },
  "34142": {
    "name": "Ave Maria Stewardship Community District",
    "state": "FL",
    "type": "CDD",
    "district_id": "FL-CDD-007"
  },
  "33326": {
    "name": "Weston Community Development District",
    "state": "FL",
    "type": "CDD",
    "district_id": "FL-CDD-008"
  },
  "33327": {
    "name": "Weston Community Development District",
    "state": "FL",
    "type": "CDD",
    "district_id": "FL-CDD-008"
  },
  "33331": {
    "name": "Weston Community Development District",
    "state": "FL",
    "type": "CDD",
    "district_id": "FL-CDD-008"
  },
  "33332": {
    "name": "Weston Community Development District",
    "state": "FL",
    "type": "CDD",
    "district_id": "FL-CDD-008"
  },
  "33982": {
    "name": "Babcock Ranch Community Independent Special District",
    "state": "FL",
    "type": "CDD",
    "district_id": "FL-CDD-009"
  },
  "32081": {
    "name": "Nocatee Community Development District",
    "state": "FL",
    "type": "CDD",
    "district_id": "FL-CDD-010"
  },
  "32259": {
    "name": "Nocatee Community Development District",
    "state": "FL",
    "type": "CDD",
    "district_id": "FL-CDD-010"
  },
  "33547": {
    "name": "Fishhawk Community Development District",
    "state": "FL",
    "type": "CDD",
    "district_id": "FL-CDD-011"
  },
  "33626": {
    "name": "Westchase Community Development District",
    "state": "FL",
    "type": "CDD",
    "district_id": "FL-CDD-012"
  },
  "33896": {
    "name": "ChampionsGate Community Development District",
    "state": "FL",
    "type": "CDD",
    "district_id": "FL-CDD-013"
  },
  "32832": {
    "name": "Storey Park Community Development District",
    "state": "FL",
    "type": "CDD",
    "district_id": "FL-CDD-014"
  },
  "32830": {
    "name": "Bonnet Creek Resort Community Development District",
    "state": "FL",
    "type": "CDD",
    "district_id": "FL-CDD-015"
  },
  "34758": {
    "name": "Poinciana Community Development District",
    "state": "FL",
    "type": "CDD",
    "district_id": "FL-CDD-016"
  },
  "34759": {
    "name": "Poinciana Community Development District",
    "state": "FL",
    "type": "CDD",
    "district_id": "FL-CDD-016"
  },
  "33559": {
    "name": "Meadow Pointe Community Development District",
    "state": "FL",
    "type": "CDD",
    "district_id": "FL-CDD-017"
  },
  "33913": {
    "name": "Miromar Lakes Community Development District",
    "state": "FL",
    "type": "CDD",
    "district_id": "FL-CDD-019"
  },
  "34114": {
    "name": "Fiddler's Creek Community Development District",
    "state": "FL",
    "type": "CDD",
    "district_id": "FL-CDD-020"
  },
  "98012": {
    "name": "Snohomish County PUD",
    "state": "WA",
    "type": "PUD",
    "district_id": "WA-PUD-SNOPUD"
  },
  "98020": {
    "name": "Snohomish County PUD",
    "state": "WA",
    "type": "PUD",
    "district_id": "WA-PUD-SNOPUD"
  },
  "98021": {
    "name": "Snohomish County PUD",
    "state": "WA",
    "type": "PUD",
    "district_id": "WA-PUD-SNOPUD"
  },
  "98026": {
    "name": "Snohomish County PUD",
    "state": "WA",
    "type": "PUD",
    "district_id": "WA-PUD-SNOPUD"
  },
  "98036": {
    "name": "Snohomish County PUD",
    "state": "WA",
    "type": "PUD",
    "district_id": "WA-PUD-SNOPUD"
  },
  "98037": {
    "name": "Snohomish County PUD",
    "state": "WA",
    "type": "PUD",
    "district_id": "WA-PUD-SNOPUD"
  },
  "98043": {
    "name": "Snohomish County PUD",
    "state": "WA",
    "type": "PUD",
    "district_id": "WA-PUD-SNOPUD"
  },
  "98072": {
    "name": "Snohomish County PUD",
    "state": "WA",
    "type": "PUD",
    "district_id": "WA-PUD-SNOPUD"
  },
  "98087": {
    "name": "Snohomish County PUD",
    "state": "WA",
    "type": "PUD",
    "district_id": "WA-PUD-SNOPUD"
  },
  "98201": {
    "name": "Snohomish County PUD",
    "state": "WA",
    "type": "PUD",
    "district_id": "WA-PUD-SNOPUD"
  },
  "98203": {
    "name": "Snohomish County PUD",
    "state": "WA",
    "type": "PUD",
    "district_id": "WA-PUD-SNOPUD"
  },
  "98204": {
    "name": "Snohomish County PUD",
    "state": "WA",
    "type": "PUD",
    "district_id": "WA-PUD-SNOPUD"
  },
  "98205": {
    "name": "Snohomish County PUD",
    "state": "WA",
    "type": "PUD",
    "district_id": "WA-PUD-SNOPUD"
  },
  "98208": {
    "name": "Snohomish County PUD",
    "state": "WA",
    "type": "PUD",
    "district_id": "WA-PUD-SNOPUD"
  },
  "98223": {
    "name": "Snohomish County PUD",
    "state": "WA",
    "type": "PUD",
    "district_id": "WA-PUD-SNOPUD"
  },
  "98252": {
    "name": "Snohomish County PUD",
    "state": "WA",
    "type": "PUD",
    "district_id": "WA-PUD-SNOPUD"
  },
  "98258": {
    "name": "Snohomish County PUD",
    "state": "WA",
    "type": "PUD",
    "district_id": "WA-PUD-SNOPUD"
  },
  "98270": {
    "name": "Snohomish County PUD",
    "state": "WA",
    "type": "PUD",
    "district_id": "WA-PUD-SNOPUD"
  },
  "98271": {
    "name": "Snohomish County PUD",
    "state": "WA",
    "type": "PUD",
    "district_id": "WA-PUD-SNOPUD"
  },
  "98272": {
    "name": "Snohomish County PUD",
    "state": "WA",
    "type": "PUD",
    "district_id": "WA-PUD-SNOPUD"
  },
  "98275": {
    "name": "Snohomish County PUD",
    "state": "WA",
    "type": "PUD",
    "district_id": "WA-PUD-SNOPUD"
  },
  "98290": {
    "name": "Snohomish County PUD",
    "state": "WA",
    "type": "PUD",
    "district_id": "WA-PUD-SNOPUD"
  },
  "98296": {
    "name": "Snohomish County PUD",
    "state": "WA",
    "type": "PUD",
    "district_id": "WA-PUD-SNOPUD"
  }
}